"entity_id","type","value"
"011","sports_club_coed","Archery"
"015","sports_club_coed","Archery"
"024","sports_club_boys","Archery"
"024","sports_club_girls","Archery"
"034","sports_club_coed","Archery"
"061","sports_club_coed","Archery"
"064","sports_club_coed","Archery"
"151","sports_club_coed","Archery"
"308","sports_club_coed","Archery"
"001","sports_club_boys","Baseball"
"001","sports_uil_boys","Baseball"
"002","sports_club_boys","Baseball"
"002","sports_uil_boys","Baseball"
"002","sports_club_girls","Baseball"
"002","sports_uil_girls","Baseball"
"003","sports_uil_boys","Baseball"
"003","sports_uil_coed","Baseball"
"004","sports_uil_boys","Baseball"
"007","sports_uil_boys","Baseball"
"008","sports_uil_boys","Baseball"
"009","sports_uil_boys","Baseball"
"009","sports_uil_girls","Baseball"
"010","sports_uil_boys","Baseball"
"010","sports_uil_girls","Baseball"
"011","sports_uil_boys","Baseball"
"012","sports_uil_boys","Baseball"
"014","sports_uil_boys","Baseball"
"015","sports_uil_boys","Baseball"
"016","sports_uil_boys","Baseball"
"016","sports_uil_girls","Baseball"
"017","sports_uil_boys","Baseball"
"018","sports_uil_boys","Baseball"
"019","sports_uil_boys","Baseball"
"020","sports_uil_boys","Baseball"
"023","sports_uil_boys","Baseball"
"023","sports_uil_girls","Baseball"
"024","sports_uil_boys","Baseball"
"027","sports_uil_boys","Baseball"
"036","sports_uil_boys","Baseball"
"039","sports_club_coed","Baseball"
"041","sports_club_boys","Baseball"
"042","sports_club_boys","Baseball"
"049","sports_club_girls","Baseball"
"053","sports_club_boys","Baseball"
"053","sports_uil_boys","Baseball"
"054","sports_uil_boys","Baseball"
"054","sports_uil_girls","Baseball"
"055","sports_club_boys","Baseball"
"055","sports_club_girls","Baseball"
"057","sports_club_boys","Baseball"
"061","sports_club_boys","Baseball"
"062","sports_club_boys","Baseball"
"064","sports_club_boys","Baseball"
"068","sports_club_boys","Baseball"
"079","sports_club_boys","Baseball"
"098","sports_club_boys","Baseball"
"099","sports_club_boys","Baseball"
"112","sports_club_boys","Baseball"
"113","sports_club_coed","Baseball"
"128","sports_club_coed","Baseball"
"140","sports_club_coed","Baseball"
"153","sports_club_boys","Baseball"
"217","sports_club_boys","Baseball"
"218","sports_club_boys","Baseball"
"222","sports_club_coed","Baseball"
"234","sports_club_boys","Baseball"
"276","sports_club_boys","Baseball"
"310","sports_uil_boys","Baseball"
"311","sports_club_boys","Baseball"
"322","sports_uil_boys","Baseball"
"337","sports_club_boys","Baseball"
"344","sports_club_boys","Baseball"
"390","sports_club_boys","Baseball"
"390","sports_uil_boys","Baseball"
"458","sports_uil_boys","Baseball"
"477","sports_uil_boys","Baseball"
"477","sports_uil_girls","Baseball"
"001","sports_club_boys","Cheer/Drill"
"001","sports_uil_boys","Cheer/Drill"
"001","sports_club_girls","Cheer/Drill"
"001","sports_uil_girls","Cheer/Drill"
"002","sports_club_boys","Cheer/Drill"
"002","sports_uil_boys","Cheer/Drill"
"002","sports_club_girls","Cheer/Drill"
"002","sports_uil_girls","Cheer/Drill"
"003","sports_uil_boys","Cheer/Drill"
"003","sports_uil_girls","Cheer/Drill"
"003","sports_uil_coed","Cheer/Drill"
"004","sports_club_girls","Cheer/Drill"
"004","sports_uil_girls","Cheer/Drill"
"006","sports_club_girls","Cheer/Drill"
"007","sports_uil_girls","Cheer/Drill"
"008","sports_uil_coed","Cheer/Drill"
"009","sports_club_girls","Cheer/Drill"
"009","sports_club_coed","Cheer/Drill"
"010","sports_uil_boys","Cheer/Drill"
"010","sports_uil_girls","Cheer/Drill"
"011","sports_uil_girls","Cheer/Drill"
"012","sports_uil_girls","Cheer/Drill"
"014","sports_uil_girls","Cheer/Drill"
"015","sports_uil_girls","Cheer/Drill"
"015","sports_uil_coed","Cheer/Drill"
"016","sports_uil_girls","Cheer/Drill"
"017","sports_uil_coed","Cheer/Drill"
"018","sports_uil_coed","Cheer/Drill"
"019","sports_uil_boys","Cheer/Drill"
"019","sports_uil_girls","Cheer/Drill"
"020","sports_club_coed","Cheer/Drill"
"023","sports_uil_coed","Cheer/Drill"
"024","sports_uil_girls","Cheer/Drill"
"026","sports_club_girls","Cheer/Drill"
"027","sports_club_coed","Cheer/Drill"
"027","sports_uil_coed","Cheer/Drill"
"034","sports_club_coed","Cheer/Drill"
"036","sports_uil_girls","Cheer/Drill"
"036","sports_uil_coed","Cheer/Drill"
"039","sports_club_girls","Cheer/Drill"
"041","sports_uil_girls","Cheer/Drill"
"042","sports_uil_coed","Cheer/Drill"
"043","sports_club_girls","Cheer/Drill"
"044","sports_club_girls","Cheer/Drill"
"044","sports_uil_girls","Cheer/Drill"
"045","sports_club_girls","Cheer/Drill"
"046","sports_uil_girls","Cheer/Drill"
"047","sports_club_girls","Cheer/Drill"
"049","sports_club_girls","Cheer/Drill"
"050","sports_club_girls","Cheer/Drill"
"051","sports_club_boys","Cheer/Drill"
"051","sports_club_girls","Cheer/Drill"
"052","sports_club_girls","Cheer/Drill"
"053","sports_club_girls","Cheer/Drill"
"053","sports_uil_girls","Cheer/Drill"
"055","sports_club_coed","Cheer/Drill"
"056","sports_uil_girls","Cheer/Drill"
"057","sports_uil_coed","Cheer/Drill"
"059","sports_uil_coed","Cheer/Drill"
"060","sports_uil_girls","Cheer/Drill"
"061","sports_uil_girls","Cheer/Drill"
"062","sports_club_girls","Cheer/Drill"
"064","sports_uil_girls","Cheer/Drill"
"068","sports_uil_girls","Cheer/Drill"
"068","sports_uil_coed","Cheer/Drill"
"072","sports_uil_girls","Cheer/Drill"
"075","sports_club_girls","Cheer/Drill"
"077","sports_club_boys","Cheer/Drill"
"077","sports_uil_boys","Cheer/Drill"
"077","sports_club_girls","Cheer/Drill"
"077","sports_uil_girls","Cheer/Drill"
"077","sports_club_coed","Cheer/Drill"
"077","sports_uil_coed","Cheer/Drill"
"078","sports_uil_girls","Cheer/Drill"
"078","sports_uil_coed","Cheer/Drill"
"079","sports_club_girls","Cheer/Drill"
"079","sports_uil_girls","Cheer/Drill"
"082","sports_uil_girls","Cheer/Drill"
"098","sports_uil_coed","Cheer/Drill"
"099","sports_club_coed","Cheer/Drill"
"102","sports_club_coed","Cheer/Drill"
"102","sports_uil_coed","Cheer/Drill"
"106","sports_club_girls","Cheer/Drill"
"108","sports_club_girls","Cheer/Drill"
"109","sports_club_coed","Cheer/Drill"
"112","sports_club_girls","Cheer/Drill"
"113","sports_club_coed","Cheer/Drill"
"116","sports_club_coed","Cheer/Drill"
"117","sports_club_girls","Cheer/Drill"
"122","sports_club_girls","Cheer/Drill"
"123","sports_club_girls","Cheer/Drill"
"128","sports_club_coed","Cheer/Drill"
"132","sports_club_girls","Cheer/Drill"
"133","sports_club_coed","Cheer/Drill"
"136","sports_club_girls","Cheer/Drill"
"136","sports_uil_girls","Cheer/Drill"
"137","sports_club_coed","Cheer/Drill"
"138","sports_club_coed","Cheer/Drill"
"140","sports_club_coed","Cheer/Drill"
"151","sports_club_girls","Cheer/Drill"
"153","sports_club_girls","Cheer/Drill"
"154","sports_club_girls","Cheer/Drill"
"156","sports_club_coed","Cheer/Drill"
"158","sports_club_girls","Cheer/Drill"
"158","sports_club_coed","Cheer/Drill"
"166","sports_club_girls","Cheer/Drill"
"168","sports_club_girls","Cheer/Drill"
"169","sports_club_coed","Cheer/Drill"
"172","sports_club_boys","Cheer/Drill"
"172","sports_club_girls","Cheer/Drill"
"174","sports_club_girls","Cheer/Drill"
"175","sports_club_girls","Cheer/Drill"
"179","sports_club_coed","Cheer/Drill"
"185","sports_club_girls","Cheer/Drill"
"187","sports_club_coed","Cheer/Drill"
"188","sports_club_coed","Cheer/Drill"
"192","sports_club_girls","Cheer/Drill"
"195","sports_club_girls","Cheer/Drill"
"196","sports_club_girls","Cheer/Drill"
"201","sports_club_girls","Cheer/Drill"
"203","sports_club_coed","Cheer/Drill"
"211","sports_club_coed","Cheer/Drill"
"213","sports_club_girls","Cheer/Drill"
"214","sports_club_girls","Cheer/Drill"
"217","sports_club_girls","Cheer/Drill"
"218","sports_uil_girls","Cheer/Drill"
"219","sports_club_coed","Cheer/Drill"
"225","sports_club_girls","Cheer/Drill"
"231","sports_club_girls","Cheer/Drill"
"234","sports_club_girls","Cheer/Drill"
"240","sports_club_girls","Cheer/Drill"
"241","sports_club_coed","Cheer/Drill"
"243","sports_club_girls","Cheer/Drill"
"247","sports_club_coed","Cheer/Drill"
"254","sports_club_girls","Cheer/Drill"
"257","sports_club_girls","Cheer/Drill"
"258","sports_club_coed","Cheer/Drill"
"260","sports_club_girls","Cheer/Drill"
"262","sports_club_boys","Cheer/Drill"
"262","sports_club_girls","Cheer/Drill"
"263","sports_club_girls","Cheer/Drill"
"264","sports_club_coed","Cheer/Drill"
"265","sports_club_coed","Cheer/Drill"
"267","sports_club_girls","Cheer/Drill"
"268","sports_club_girls","Cheer/Drill"
"271","sports_club_coed","Cheer/Drill"
"276","sports_club_coed","Cheer/Drill"
"279","sports_club_coed","Cheer/Drill"
"285","sports_club_coed","Cheer/Drill"
"286","sports_club_girls","Cheer/Drill"
"286","sports_uil_girls","Cheer/Drill"
"290","sports_club_girls","Cheer/Drill"
"292","sports_club_coed","Cheer/Drill"
"308","sports_club_girls","Cheer/Drill"
"310","sports_club_coed","Cheer/Drill"
"311","sports_club_girls","Cheer/Drill"
"322","sports_club_coed","Cheer/Drill"
"323","sports_club_girls","Cheer/Drill"
"337","sports_uil_coed","Cheer/Drill"
"338","sports_club_coed","Cheer/Drill"
"340","sports_club_boys","Cheer/Drill"
"340","sports_club_girls","Cheer/Drill"
"342","sports_club_girls","Cheer/Drill"
"345","sports_club_girls","Cheer/Drill"
"348","sports_club_girls","Cheer/Drill"
"348","sports_club_coed","Cheer/Drill"
"352","sports_club_coed","Cheer/Drill"
"358","sports_club_coed","Cheer/Drill"
"359","sports_club_girls","Cheer/Drill"
"364","sports_club_girls","Cheer/Drill"
"369","sports_club_coed","Cheer/Drill"
"382","sports_club_girls","Cheer/Drill"
"390","sports_club_boys","Cheer/Drill"
"390","sports_uil_boys","Cheer/Drill"
"390","sports_club_girls","Cheer/Drill"
"390","sports_uil_girls","Cheer/Drill"
"395","sports_club_girls","Cheer/Drill"
"396","sports_club_girls","Cheer/Drill"
"458","sports_uil_boys","Cheer/Drill"
"460","sports_club_girls","Cheer/Drill"
"463","sports_club_girls","Cheer/Drill"
"467","sports_club_girls","Cheer/Drill"
"468","sports_club_coed","Cheer/Drill"
"476","sports_uil_girls","Cheer/Drill"
"477","sports_uil_girls","Cheer/Drill"
"477","sports_uil_coed","Cheer/Drill"
"486","sports_club_girls","Cheer/Drill"
"001","sports_club_boys","Cross Country"
"001","sports_uil_boys","Cross Country"
"001","sports_club_girls","Cross Country"
"001","sports_uil_girls","Cross Country"
"002","sports_club_boys","Cross Country"
"002","sports_uil_boys","Cross Country"
"002","sports_club_girls","Cross Country"
"002","sports_uil_girls","Cross Country"
"003","sports_uil_boys","Cross Country"
"003","sports_uil_girls","Cross Country"
"004","sports_uil_boys","Cross Country"
"004","sports_uil_girls","Cross Country"
"007","sports_uil_boys","Cross Country"
"007","sports_uil_girls","Cross Country"
"008","sports_uil_boys","Cross Country"
"008","sports_uil_girls","Cross Country"
"009","sports_uil_boys","Cross Country"
"009","sports_uil_girls","Cross Country"
"010","sports_uil_boys","Cross Country"
"010","sports_uil_girls","Cross Country"
"011","sports_uil_boys","Cross Country"
"011","sports_uil_girls","Cross Country"
"012","sports_uil_boys","Cross Country"
"012","sports_uil_girls","Cross Country"
"014","sports_uil_boys","Cross Country"
"014","sports_uil_girls","Cross Country"
"015","sports_uil_boys","Cross Country"
"015","sports_uil_girls","Cross Country"
"016","sports_uil_boys","Cross Country"
"016","sports_uil_girls","Cross Country"
"017","sports_uil_boys","Cross Country"
"017","sports_uil_girls","Cross Country"
"018","sports_uil_boys","Cross Country"
"018","sports_uil_girls","Cross Country"
"019","sports_uil_boys","Cross Country"
"019","sports_uil_girls","Cross Country"
"020","sports_uil_boys","Cross Country"
"020","sports_uil_girls","Cross Country"
"023","sports_uil_boys","Cross Country"
"023","sports_uil_girls","Cross Country"
"024","sports_uil_boys","Cross Country"
"024","sports_uil_girls","Cross Country"
"027","sports_uil_boys","Cross Country"
"027","sports_uil_girls","Cross Country"
"027","sports_club_coed","Cross Country"
"036","sports_uil_boys","Cross Country"
"036","sports_uil_girls","Cross Country"
"039","sports_uil_boys","Cross Country"
"039","sports_uil_girls","Cross Country"
"041","sports_uil_boys","Cross Country"
"041","sports_uil_girls","Cross Country"
"042","sports_uil_boys","Cross Country"
"042","sports_uil_girls","Cross Country"
"044","sports_uil_boys","Cross Country"
"044","sports_uil_girls","Cross Country"
"045","sports_uil_boys","Cross Country"
"045","sports_uil_girls","Cross Country"
"046","sports_uil_boys","Cross Country"
"046","sports_uil_girls","Cross Country"
"047","sports_uil_boys","Cross Country"
"047","sports_uil_girls","Cross Country"
"049","sports_uil_girls","Cross Country"
"051","sports_uil_boys","Cross Country"
"051","sports_uil_girls","Cross Country"
"052","sports_club_boys","Cross Country"
"052","sports_club_girls","Cross Country"
"053","sports_club_boys","Cross Country"
"053","sports_uil_boys","Cross Country"
"053","sports_club_girls","Cross Country"
"053","sports_uil_girls","Cross Country"
"055","sports_uil_boys","Cross Country"
"055","sports_uil_girls","Cross Country"
"056","sports_uil_boys","Cross Country"
"056","sports_uil_girls","Cross Country"
"057","sports_uil_boys","Cross Country"
"057","sports_uil_girls","Cross Country"
"060","sports_uil_boys","Cross Country"
"060","sports_uil_girls","Cross Country"
"062","sports_uil_boys","Cross Country"
"062","sports_uil_girls","Cross Country"
"064","sports_uil_coed","Cross Country"
"068","sports_uil_boys","Cross Country"
"068","sports_uil_girls","Cross Country"
"075","sports_uil_boys","Cross Country"
"075","sports_uil_girls","Cross Country"
"077","sports_club_boys","Cross Country"
"077","sports_uil_boys","Cross Country"
"077","sports_club_girls","Cross Country"
"077","sports_uil_girls","Cross Country"
"077","sports_club_coed","Cross Country"
"077","sports_uil_coed","Cross Country"
"078","sports_uil_boys","Cross Country"
"078","sports_uil_girls","Cross Country"
"079","sports_club_boys","Cross Country"
"079","sports_uil_boys","Cross Country"
"079","sports_club_girls","Cross Country"
"079","sports_uil_girls","Cross Country"
"080","sports_uil_coed","Cross Country"
"081","sports_uil_boys","Cross Country"
"081","sports_uil_girls","Cross Country"
"098","sports_uil_boys","Cross Country"
"098","sports_uil_girls","Cross Country"
"099","sports_uil_coed","Cross Country"
"109","sports_club_girls","Cross Country"
"151","sports_club_coed","Cross Country"
"163","sports_club_boys","Cross Country"
"163","sports_club_girls","Cross Country"
"189","sports_club_girls","Cross Country"
"218","sports_uil_boys","Cross Country"
"218","sports_uil_girls","Cross Country"
"240","sports_club_coed","Cross Country"
"243","sports_club_boys","Cross Country"
"243","sports_club_girls","Cross Country"
"243","sports_club_coed","Cross Country"
"264","sports_club_coed","Cross Country"
"286","sports_club_coed","Cross Country"
"310","sports_uil_coed","Cross Country"
"322","sports_uil_coed","Cross Country"
"337","sports_uil_coed","Cross Country"
"338","sports_uil_boys","Cross Country"
"338","sports_uil_girls","Cross Country"
"458","sports_uil_boys","Cross Country"
"460","sports_uil_boys","Cross Country"
"460","sports_uil_girls","Cross Country"
"477","sports_uil_boys","Cross Country"
"477","sports_uil_girls","Cross Country"
"477","sports_uil_coed","Cross Country"
"001","sports_club_boys","Football"
"001","sports_uil_boys","Football"
"002","sports_club_boys","Football"
"002","sports_uil_boys","Football"
"003","sports_uil_boys","Football"
"003","sports_uil_girls","Football"
"003","sports_uil_coed","Football"
"004","sports_uil_boys","Football"
"007","sports_uil_boys","Football"
"008","sports_uil_boys","Football"
"009","sports_uil_boys","Football"
"010","sports_uil_boys","Football"
"010","sports_uil_girls","Football"
"011","sports_uil_boys","Football"
"012","sports_uil_boys","Football"
"014","sports_uil_boys","Football"
"015","sports_uil_boys","Football"
"016","sports_uil_boys","Football"
"017","sports_uil_boys","Football"
"018","sports_uil_boys","Football"
"019","sports_uil_boys","Football"
"019","sports_uil_girls","Football"
"020","sports_uil_boys","Football"
"023","sports_uil_boys","Football"
"024","sports_uil_boys","Football"
"027","sports_uil_boys","Football"
"036","sports_uil_boys","Football"
"041","sports_uil_boys","Football"
"042","sports_uil_boys","Football"
"043","sports_uil_boys","Football"
"044","sports_uil_boys","Football"
"045","sports_uil_boys","Football"
"046","sports_uil_boys","Football"
"047","sports_uil_boys","Football"
"047","sports_uil_girls","Football"
"048","sports_uil_boys","Football"
"048","sports_uil_girls","Football"
"049","sports_uil_boys","Football"
"050","sports_club_boys","Football"
"051","sports_uil_boys","Football"
"052","sports_club_boys","Football"
"053","sports_uil_boys","Football"
"054","sports_uil_boys","Football"
"055","sports_uil_boys","Football"
"056","sports_uil_boys","Football"
"057","sports_club_coed","Football"
"058","sports_club_boys","Football"
"058","sports_uil_boys","Football"
"059","sports_uil_boys","Football"
"060","sports_uil_boys","Football"
"061","sports_uil_boys","Football"
"062","sports_uil_boys","Football"
"062","sports_uil_girls","Football"
"064","sports_uil_boys","Football"
"068","sports_uil_boys","Football"
"068","sports_uil_coed","Football"
"072","sports_uil_boys","Football"
"075","sports_uil_boys","Football"
"075","sports_uil_girls","Football"
"077","sports_club_boys","Football"
"077","sports_uil_boys","Football"
"078","sports_uil_boys","Football"
"079","sports_club_boys","Football"
"079","sports_uil_boys","Football"
"082","sports_uil_boys","Football"
"098","sports_uil_boys","Football"
"099","sports_uil_boys","Football"
"102","sports_club_coed","Football"
"109","sports_club_coed","Football"
"117","sports_club_boys","Football"
"117","sports_club_girls","Football"
"121","sports_club_coed","Football"
"123","sports_club_boys","Football"
"128","sports_club_coed","Football"
"140","sports_club_coed","Football"
"151","sports_club_coed","Football"
"163","sports_club_boys","Football"
"174","sports_club_boys","Football"
"187","sports_club_coed","Football"
"195","sports_club_boys","Football"
"217","sports_club_boys","Football"
"234","sports_club_coed","Football"
"243","sports_club_boys","Football"
"243","sports_club_coed","Football"
"247","sports_club_coed","Football"
"262","sports_club_boys","Football"
"264","sports_club_boys","Football"
"276","sports_club_boys","Football"
"310","sports_uil_boys","Football"
"311","sports_club_boys","Football"
"337","sports_uil_boys","Football"
"338","sports_uil_boys","Football"
"476","sports_uil_boys","Football"
"476","sports_uil_coed","Football"
"477","sports_uil_boys","Football"
"001","sports_club_boys","Golf"
"001","sports_uil_boys","Golf"
"001","sports_club_girls","Golf"
"001","sports_uil_girls","Golf"
"002","sports_club_coed","Golf"
"002","sports_uil_coed","Golf"
"003","sports_uil_boys","Golf"
"003","sports_uil_girls","Golf"
"008","sports_uil_boys","Golf"
"008","sports_uil_girls","Golf"
"010","sports_uil_boys","Golf"
"010","sports_uil_girls","Golf"
"011","sports_uil_boys","Golf"
"011","sports_uil_girls","Golf"
"012","sports_uil_boys","Golf"
"012","sports_uil_girls","Golf"
"014","sports_uil_boys","Golf"
"014","sports_uil_girls","Golf"
"015","sports_uil_boys","Golf"
"015","sports_uil_girls","Golf"
"016","sports_uil_boys","Golf"
"016","sports_uil_girls","Golf"
"016","sports_uil_coed","Golf"
"017","sports_club_coed","Golf"
"019","sports_uil_boys","Golf"
"019","sports_uil_girls","Golf"
"020","sports_uil_boys","Golf"
"020","sports_uil_girls","Golf"
"023","sports_uil_boys","Golf"
"023","sports_uil_girls","Golf"
"024","sports_uil_boys","Golf"
"024","sports_uil_girls","Golf"
"027","sports_uil_coed","Golf"
"036","sports_uil_boys","Golf"
"036","sports_uil_girls","Golf"
"151","sports_club_coed","Golf"
"198","sports_club_coed","Golf"
"215","sports_club_boys","Golf"
"215","sports_club_girls","Golf"
"215","sports_club_coed","Golf"
"219","sports_club_coed","Golf"
"322","sports_club_coed","Golf"
"477","sports_club_coed","Golf"
"001","sports_club_boys","Cheer/Drill"
"001","sports_uil_boys","Cheer/Drill"
"001","sports_club_girls","Cheer/Drill"
"001","sports_uil_girls","Cheer/Drill"
"002","sports_club_boys","Cheer/Drill"
"002","sports_uil_boys","Cheer/Drill"
"002","sports_club_girls","Cheer/Drill"
"002","sports_uil_girls","Cheer/Drill"
"003","sports_uil_boys","Cheer/Drill"
"003","sports_uil_girls","Cheer/Drill"
"004","sports_uil_boys","Cheer/Drill"
"004","sports_uil_girls","Cheer/Drill"
"006","sports_club_boys","Cheer/Drill"
"006","sports_club_girls","Cheer/Drill"
"007","sports_uil_boys","Cheer/Drill"
"007","sports_uil_girls","Cheer/Drill"
"008","sports_uil_boys","Cheer/Drill"
"008","sports_uil_girls","Cheer/Drill"
"009","sports_club_boys","Cheer/Drill"
"009","sports_uil_boys","Cheer/Drill"
"009","sports_club_girls","Cheer/Drill"
"009","sports_uil_girls","Cheer/Drill"
"010","sports_uil_boys","Cheer/Drill"
"010","sports_uil_girls","Cheer/Drill"
"011","sports_uil_boys","Cheer/Drill"
"011","sports_uil_girls","Cheer/Drill"
"012","sports_uil_boys","Cheer/Drill"
"012","sports_uil_girls","Cheer/Drill"
"014","sports_uil_boys","Cheer/Drill"
"014","sports_uil_girls","Cheer/Drill"
"015","sports_uil_boys","Cheer/Drill"
"015","sports_uil_girls","Cheer/Drill"
"016","sports_uil_boys","Cheer/Drill"
"016","sports_uil_girls","Cheer/Drill"
"017","sports_uil_boys","Cheer/Drill"
"017","sports_uil_girls","Cheer/Drill"
"018","sports_uil_boys","Cheer/Drill"
"018","sports_uil_girls","Cheer/Drill"
"019","sports_uil_boys","Cheer/Drill"
"019","sports_uil_girls","Cheer/Drill"
"020","sports_uil_boys","Cheer/Drill"
"020","sports_uil_girls","Cheer/Drill"
"023","sports_uil_boys","Cheer/Drill"
"023","sports_uil_girls","Cheer/Drill"
"024","sports_uil_boys","Cheer/Drill"
"024","sports_uil_girls","Cheer/Drill"
"026","sports_club_boys","Cheer/Drill"
"027","sports_uil_boys","Cheer/Drill"
"027","sports_uil_girls","Cheer/Drill"
"034","sports_club_boys","Cheer/Drill"
"034","sports_club_girls","Cheer/Drill"
"034","sports_club_coed","Cheer/Drill"
"036","sports_uil_boys","Cheer/Drill"
"036","sports_uil_girls","Cheer/Drill"
"039","sports_uil_boys","Cheer/Drill"
"039","sports_uil_girls","Cheer/Drill"
"041","sports_uil_boys","Cheer/Drill"
"041","sports_uil_girls","Cheer/Drill"
"042","sports_uil_boys","Cheer/Drill"
"042","sports_uil_coed","Cheer/Drill"
"043","sports_uil_boys","Cheer/Drill"
"043","sports_uil_girls","Cheer/Drill"
"044","sports_uil_boys","Cheer/Drill"
"045","sports_club_boys","Cheer/Drill"
"045","sports_uil_boys","Cheer/Drill"
"045","sports_uil_girls","Cheer/Drill"
"046","sports_uil_boys","Cheer/Drill"
"046","sports_uil_girls","Cheer/Drill"
"047","sports_club_boys","Cheer/Drill"
"047","sports_uil_boys","Cheer/Drill"
"048","sports_uil_boys","Cheer/Drill"
"048","sports_uil_girls","Cheer/Drill"
"049","sports_uil_boys","Cheer/Drill"
"049","sports_uil_girls","Cheer/Drill"
"050","sports_club_boys","Cheer/Drill"
"050","sports_club_girls","Cheer/Drill"
"051","sports_uil_boys","Cheer/Drill"
"051","sports_uil_girls","Cheer/Drill"
"052","sports_club_boys","Cheer/Drill"
"052","sports_club_girls","Cheer/Drill"
"053","sports_club_boys","Cheer/Drill"
"053","sports_uil_boys","Cheer/Drill"
"053","sports_club_girls","Cheer/Drill"
"053","sports_uil_girls","Cheer/Drill"
"054","sports_club_boys","Cheer/Drill"
"054","sports_uil_boys","Cheer/Drill"
"054","sports_uil_girls","Cheer/Drill"
"055","sports_uil_boys","Cheer/Drill"
"055","sports_uil_girls","Cheer/Drill"
"056","sports_uil_boys","Cheer/Drill"
"056","sports_uil_girls","Cheer/Drill"
"057","sports_uil_boys","Cheer/Drill"
"057","sports_uil_girls","Cheer/Drill"
"059","sports_uil_boys","Cheer/Drill"
"059","sports_uil_girls","Cheer/Drill"
"060","sports_uil_boys","Cheer/Drill"
"060","sports_uil_girls","Cheer/Drill"
"061","sports_uil_boys","Cheer/Drill"
"061","sports_uil_girls","Cheer/Drill"
"062","sports_uil_boys","Cheer/Drill"
"062","sports_uil_girls","Cheer/Drill"
"064","sports_uil_boys","Cheer/Drill"
"064","sports_uil_girls","Cheer/Drill"
"068","sports_uil_boys","Cheer/Drill"
"068","sports_uil_girls","Cheer/Drill"
"072","sports_uil_boys","Cheer/Drill"
"072","sports_uil_girls","Cheer/Drill"
"075","sports_uil_boys","Cheer/Drill"
"075","sports_uil_girls","Cheer/Drill"
"077","sports_uil_boys","Cheer/Drill"
"078","sports_uil_boys","Cheer/Drill"
"078","sports_uil_girls","Cheer/Drill"
"079","sports_club_boys","Cheer/Drill"
"079","sports_uil_boys","Cheer/Drill"
"079","sports_club_girls","Cheer/Drill"
"079","sports_uil_girls","Cheer/Drill"
"080","sports_uil_boys","Cheer/Drill"
"080","sports_uil_girls","Cheer/Drill"
"081","sports_uil_boys","Cheer/Drill"
"081","sports_uil_girls","Cheer/Drill"
"082","sports_uil_boys","Cheer/Drill"
"082","sports_uil_girls","Cheer/Drill"
"098","sports_uil_boys","Cheer/Drill"
"098","sports_uil_girls","Cheer/Drill"
"099","sports_uil_boys","Cheer/Drill"
"099","sports_uil_girls","Cheer/Drill"
"102","sports_club_coed","Cheer/Drill"
"105","sports_club_coed","Cheer/Drill"
"109","sports_club_coed","Cheer/Drill"
"112","sports_club_coed","Cheer/Drill"
"113","sports_club_coed","Cheer/Drill"
"124","sports_club_boys","Cheer/Drill"
"124","sports_club_girls","Cheer/Drill"
"128","sports_club_coed","Cheer/Drill"
"132","sports_club_boys","Cheer/Drill"
"132","sports_club_girls","Cheer/Drill"
"133","sports_club_coed","Cheer/Drill"
"136","sports_club_boys","Cheer/Drill"
"136","sports_uil_boys","Cheer/Drill"
"136","sports_club_coed","Cheer/Drill"
"136","sports_uil_coed","Cheer/Drill"
"138","sports_club_boys","Cheer/Drill"
"138","sports_club_girls","Cheer/Drill"
"140","sports_club_coed","Cheer/Drill"
"147","sports_club_boys","Cheer/Drill"
"147","sports_club_girls","Cheer/Drill"
"147","sports_club_coed","Cheer/Drill"
"151","sports_club_coed","Cheer/Drill"
"153","sports_club_boys","Cheer/Drill"
"153","sports_club_girls","Cheer/Drill"
"158","sports_club_coed","Cheer/Drill"
"159","sports_club_boys","Cheer/Drill"
"159","sports_club_girls","Cheer/Drill"
"159","sports_club_coed","Cheer/Drill"
"162","sports_club_boys","Cheer/Drill"
"162","sports_club_girls","Cheer/Drill"
"163","sports_club_boys","Cheer/Drill"
"166","sports_club_boys","Cheer/Drill"
"166","sports_club_girls","Cheer/Drill"
"169","sports_club_coed","Cheer/Drill"
"170","sports_club_coed","Cheer/Drill"
"175","sports_club_coed","Cheer/Drill"
"182","sports_club_coed","Cheer/Drill"
"187","sports_club_coed","Cheer/Drill"
"188","sports_club_coed","Cheer/Drill"
"192","sports_club_boys","Cheer/Drill"
"192","sports_club_girls","Cheer/Drill"
"195","sports_club_boys","Cheer/Drill"
"196","sports_club_coed","Cheer/Drill"
"198","sports_club_coed","Cheer/Drill"
"212","sports_club_boys","Cheer/Drill"
"212","sports_club_girls","Cheer/Drill"
"212","sports_club_coed","Cheer/Drill"
"215","sports_club_boys","Cheer/Drill"
"215","sports_club_girls","Cheer/Drill"
"215","sports_club_coed","Cheer/Drill"
"217","sports_club_boys","Cheer/Drill"
"217","sports_club_girls","Cheer/Drill"
"218","sports_uil_boys","Cheer/Drill"
"218","sports_uil_girls","Cheer/Drill"
"219","sports_club_coed","Cheer/Drill"
"225","sports_club_coed","Cheer/Drill"
"227","sports_club_boys","Cheer/Drill"
"227","sports_club_girls","Cheer/Drill"
"231","sports_club_coed","Cheer/Drill"
"234","sports_club_boys","Cheer/Drill"
"234","sports_club_girls","Cheer/Drill"
"240","sports_club_coed","Cheer/Drill"
"244","sports_club_boys","Cheer/Drill"
"244","sports_club_girls","Cheer/Drill"
"248","sports_club_boys","Cheer/Drill"
"248","sports_club_girls","Cheer/Drill"
"248","sports_club_coed","Cheer/Drill"
"254","sports_club_coed","Cheer/Drill"
"256","sports_club_boys","Cheer/Drill"
"256","sports_club_coed","Cheer/Drill"
"258","sports_club_boys","Cheer/Drill"
"258","sports_club_girls","Cheer/Drill"
"258","sports_club_coed","Cheer/Drill"
"262","sports_club_boys","Cheer/Drill"
"262","sports_club_girls","Cheer/Drill"
"263","sports_club_coed","Cheer/Drill"
"264","sports_club_coed","Cheer/Drill"
"265","sports_club_coed","Cheer/Drill"
"267","sports_club_boys","Cheer/Drill"
"267","sports_club_coed","Cheer/Drill"
"268","sports_club_boys","Cheer/Drill"
"268","sports_club_girls","Cheer/Drill"
"274","sports_club_boys","Cheer/Drill"
"276","sports_club_boys","Cheer/Drill"
"279","sports_uil_boys","Cheer/Drill"
"279","sports_uil_girls","Cheer/Drill"
"286","sports_club_boys","Cheer/Drill"
"286","sports_club_girls","Cheer/Drill"
"289","sports_club_boys","Cheer/Drill"
"289","sports_club_girls","Cheer/Drill"
"290","sports_club_boys","Cheer/Drill"
"290","sports_club_girls","Cheer/Drill"
"292","sports_club_coed","Cheer/Drill"
"297","sports_club_boys","Cheer/Drill"
"297","sports_club_girls","Cheer/Drill"
"297","sports_club_coed","Cheer/Drill"
"301","sports_club_boys","Cheer/Drill"
"301","sports_club_girls","Cheer/Drill"
"308","sports_club_boys","Cheer/Drill"
"308","sports_club_girls","Cheer/Drill"
"310","sports_uil_boys","Cheer/Drill"
"310","sports_uil_girls","Cheer/Drill"
"311","sports_club_boys","Cheer/Drill"
"321","sports_club_coed","Cheer/Drill"
"322","sports_uil_coed","Cheer/Drill"
"323","sports_club_boys","Cheer/Drill"
"323","sports_club_girls","Cheer/Drill"
"324","sports_club_boys","Cheer/Drill"
"324","sports_club_girls","Cheer/Drill"
"337","sports_uil_boys","Cheer/Drill"
"337","sports_uil_girls","Cheer/Drill"
"338","sports_uil_boys","Cheer/Drill"
"338","sports_uil_girls","Cheer/Drill"
"340","sports_uil_boys","Cheer/Drill"
"340","sports_uil_girls","Cheer/Drill"
"342","sports_club_boys","Cheer/Drill"
"342","sports_club_girls","Cheer/Drill"
"344","sports_club_boys","Cheer/Drill"
"345","sports_club_boys","Cheer/Drill"
"345","sports_club_girls","Cheer/Drill"
"348","sports_club_boys","Cheer/Drill"
"348","sports_club_girls","Cheer/Drill"
"352","sports_club_coed","Cheer/Drill"
"353","sports_club_boys","Cheer/Drill"
"353","sports_club_girls","Cheer/Drill"
"359","sports_club_coed","Cheer/Drill"
"372","sports_club_coed","Cheer/Drill"
"383","sports_club_coed","Cheer/Drill"
"389","sports_club_coed","Cheer/Drill"
"390","sports_club_boys","Cheer/Drill"
"390","sports_uil_boys","Cheer/Drill"
"390","sports_club_girls","Cheer/Drill"
"390","sports_uil_girls","Cheer/Drill"
"395","sports_club_boys","Cheer/Drill"
"458","sports_uil_boys","Cheer/Drill"
"460","sports_uil_boys","Cheer/Drill"
"460","sports_uil_girls","Cheer/Drill"
"468","sports_club_boys","Cheer/Drill"
"475","sports_club_coed","Cheer/Drill"
"476","sports_uil_boys","Cheer/Drill"
"476","sports_uil_coed","Cheer/Drill"
"477","sports_uil_boys","Cheer/Drill"
"477","sports_uil_girls","Cheer/Drill"
"485","sports_club_coed","Cheer/Drill"
"486","sports_club_boys","Cheer/Drill"
"486","sports_club_girls","Cheer/Drill"
"001","sports_club_girls","Softball"
"001","sports_uil_girls","Softball"
"002","sports_club_girls","Softball"
"002","sports_uil_girls","Softball"
"003","sports_uil_girls","Softball"
"003","sports_uil_coed","Softball"
"004","sports_uil_girls","Softball"
"007","sports_uil_girls","Softball"
"008","sports_uil_girls","Softball"
"009","sports_uil_girls","Softball"
"010","sports_uil_boys","Softball"
"010","sports_uil_girls","Softball"
"011","sports_uil_girls","Softball"
"012","sports_uil_girls","Softball"
"014","sports_uil_girls","Softball"
"015","sports_uil_girls","Softball"
"016","sports_uil_girls","Softball"
"017","sports_uil_girls","Softball"
"018","sports_uil_girls","Softball"
"019","sports_uil_girls","Softball"
"020","sports_uil_girls","Softball"
"023","sports_uil_boys","Softball"
"023","sports_uil_girls","Softball"
"024","sports_uil_girls","Softball"
"027","sports_uil_girls","Softball"
"036","sports_uil_girls","Softball"
"041","sports_club_boys","Softball"
"041","sports_club_girls","Softball"
"042","sports_club_girls","Softball"
"043","sports_club_girls","Softball"
"049","sports_club_girls","Softball"
"053","sports_club_girls","Softball"
"053","sports_uil_girls","Softball"
"055","sports_club_girls","Softball"
"057","sports_club_girls","Softball"
"061","sports_club_girls","Softball"
"064","sports_club_girls","Softball"
"098","sports_club_girls","Softball"
"099","sports_club_girls","Softball"
"217","sports_club_boys","Softball"
"234","sports_club_girls","Softball"
"310","sports_uil_girls","Softball"
"337","sports_club_girls","Softball"
"477","sports_uil_boys","Softball"
"477","sports_uil_girls","Softball"
"002","sports_club_coed","Swimming/Diving"
"002","sports_uil_coed","Swimming/Diving"
"003","sports_uil_boys","Swimming/Diving"
"003","sports_uil_girls","Swimming/Diving"
"008","sports_uil_boys","Swimming/Diving"
"008","sports_uil_girls","Swimming/Diving"
"010","sports_uil_boys","Swimming/Diving"
"010","sports_uil_girls","Swimming/Diving"
"011","sports_uil_boys","Swimming/Diving"
"011","sports_uil_girls","Swimming/Diving"
"012","sports_uil_boys","Swimming/Diving"
"012","sports_uil_girls","Swimming/Diving"
"015","sports_uil_boys","Swimming/Diving"
"015","sports_uil_girls","Swimming/Diving"
"016","sports_uil_boys","Swimming/Diving"
"016","sports_uil_girls","Swimming/Diving"
"016","sports_uil_coed","Swimming/Diving"
"020","sports_uil_boys","Swimming/Diving"
"020","sports_uil_girls","Swimming/Diving"
"027","sports_club_coed","Swimming/Diving"
"027","sports_uil_coed","Swimming/Diving"
"036","sports_uil_boys","Swimming/Diving"
"036","sports_uil_girls","Swimming/Diving"
"039","sports_uil_boys","Swimming/Diving"
"039","sports_uil_girls","Swimming/Diving"
"041","sports_uil_boys","Swimming/Diving"
"041","sports_uil_girls","Swimming/Diving"
"042","sports_uil_boys","Swimming/Diving"
"042","sports_uil_girls","Swimming/Diving"
"044","sports_uil_boys","Swimming/Diving"
"044","sports_uil_girls","Swimming/Diving"
"046","sports_club_boys","Swimming/Diving"
"046","sports_club_girls","Swimming/Diving"
"049","sports_uil_coed","Swimming/Diving"
"053","sports_uil_boys","Swimming/Diving"
"053","sports_uil_girls","Swimming/Diving"
"055","sports_uil_boys","Swimming/Diving"
"055","sports_uil_girls","Swimming/Diving"
"055","sports_uil_coed","Swimming/Diving"
"057","sports_uil_boys","Swimming/Diving"
"057","sports_uil_girls","Swimming/Diving"
"062","sports_uil_boys","Swimming/Diving"
"062","sports_uil_girls","Swimming/Diving"
"098","sports_uil_coed","Swimming/Diving"
"099","sports_uil_coed","Swimming/Diving"
"290","sports_club_coed","Swimming/Diving"
"337","sports_uil_coed","Swimming/Diving"
"002","sports_club_coed","Cheer/Drill"
"002","sports_uil_coed","Cheer/Drill"
"003","sports_uil_boys","Cheer/Drill"
"003","sports_uil_girls","Cheer/Drill"
"008","sports_uil_boys","Cheer/Drill"
"008","sports_uil_girls","Cheer/Drill"
"008","sports_uil_coed","Cheer/Drill"
"010","sports_uil_boys","Cheer/Drill"
"010","sports_uil_girls","Cheer/Drill"
"011","sports_uil_boys","Cheer/Drill"
"011","sports_uil_girls","Cheer/Drill"
"012","sports_uil_boys","Cheer/Drill"
"012","sports_uil_girls","Cheer/Drill"
"014","sports_uil_boys","Cheer/Drill"
"014","sports_uil_girls","Cheer/Drill"
"015","sports_uil_boys","Cheer/Drill"
"015","sports_uil_girls","Cheer/Drill"
"020","sports_uil_boys","Cheer/Drill"
"020","sports_uil_girls","Cheer/Drill"
"024","sports_uil_boys","Cheer/Drill"
"024","sports_uil_girls","Cheer/Drill"
"027","sports_club_coed","Cheer/Drill"
"027","sports_uil_coed","Cheer/Drill"
"036","sports_uil_boys","Cheer/Drill"
"036","sports_uil_girls","Cheer/Drill"
"057","sports_club_coed","Cheer/Drill"
"064","sports_uil_boys","Cheer/Drill"
"337","sports_club_coed","Cheer/Drill"
"002","sports_club_coed","Tennis"
"002","sports_uil_coed","Tennis"
"003","sports_uil_boys","Tennis"
"003","sports_uil_girls","Tennis"
"008","sports_uil_boys","Tennis"
"008","sports_uil_girls","Tennis"
"010","sports_uil_boys","Tennis"
"010","sports_uil_girls","Tennis"
"012","sports_uil_boys","Tennis"
"012","sports_uil_girls","Tennis"
"014","sports_uil_boys","Tennis"
"014","sports_uil_girls","Tennis"
"015","sports_uil_boys","Tennis"
"015","sports_uil_girls","Tennis"
"017","sports_club_coed","Tennis"
"020","sports_uil_boys","Tennis"
"020","sports_uil_girls","Tennis"
"024","sports_uil_boys","Tennis"
"024","sports_uil_girls","Tennis"
"027","sports_uil_boys","Tennis"
"027","sports_uil_girls","Tennis"
"036","sports_uil_boys","Tennis"
"036","sports_uil_girls","Tennis"
"039","sports_club_boys","Tennis"
"039","sports_club_girls","Tennis"
"057","sports_club_coed","Tennis"
"234","sports_club_coed","Tennis"
"322","sports_uil_coed","Tennis"
"337","sports_club_coed","Tennis"
"001","sports_club_boys","Track/Field"
"001","sports_uil_boys","Track/Field"
"001","sports_club_girls","Track/Field"
"001","sports_uil_girls","Track/Field"
"002","sports_club_coed","Track/Field"
"002","sports_uil_coed","Track/Field"
"003","sports_uil_boys","Track/Field"
"003","sports_uil_girls","Track/Field"
"004","sports_uil_boys","Track/Field"
"004","sports_uil_girls","Track/Field"
"007","sports_uil_boys","Track/Field"
"007","sports_uil_girls","Track/Field"
"008","sports_uil_boys","Track/Field"
"008","sports_uil_girls","Track/Field"
"009","sports_uil_boys","Track/Field"
"009","sports_uil_girls","Track/Field"
"010","sports_uil_boys","Track/Field"
"010","sports_uil_girls","Track/Field"
"011","sports_uil_boys","Track/Field"
"011","sports_uil_girls","Track/Field"
"012","sports_uil_boys","Track/Field"
"012","sports_uil_girls","Track/Field"
"014","sports_uil_boys","Track/Field"
"014","sports_uil_girls","Track/Field"
"015","sports_uil_boys","Track/Field"
"015","sports_uil_girls","Track/Field"
"016","sports_uil_boys","Track/Field"
"016","sports_uil_girls","Track/Field"
"016","sports_uil_coed","Track/Field"
"017","sports_uil_boys","Track/Field"
"017","sports_uil_girls","Track/Field"
"018","sports_uil_boys","Track/Field"
"018","sports_uil_girls","Track/Field"
"019","sports_uil_boys","Track/Field"
"019","sports_uil_girls","Track/Field"
"020","sports_uil_boys","Track/Field"
"020","sports_uil_girls","Track/Field"
"023","sports_uil_boys","Track/Field"
"023","sports_uil_girls","Track/Field"
"027","sports_uil_boys","Track/Field"
"027","sports_uil_girls","Track/Field"
"027","sports_club_coed","Track/Field"
"036","sports_uil_boys","Track/Field"
"036","sports_uil_girls","Track/Field"
"039","sports_uil_boys","Track/Field"
"039","sports_uil_girls","Track/Field"
"041","sports_uil_boys","Track/Field"
"041","sports_uil_girls","Track/Field"
"042","sports_uil_boys","Track/Field"
"042","sports_uil_girls","Track/Field"
"044","sports_uil_boys","Track/Field"
"044","sports_uil_girls","Track/Field"
"045","sports_uil_boys","Track/Field"
"045","sports_uil_girls","Track/Field"
"046","sports_uil_boys","Track/Field"
"046","sports_uil_girls","Track/Field"
"047","sports_uil_boys","Track/Field"
"047","sports_uil_girls","Track/Field"
"048","sports_uil_boys","Track/Field"
"048","sports_uil_girls","Track/Field"
"049","sports_uil_coed","Track/Field"
"050","sports_club_boys","Track/Field"
"050","sports_club_girls","Track/Field"
"051","sports_uil_boys","Track/Field"
"051","sports_uil_girls","Track/Field"
"052","sports_club_boys","Track/Field"
"052","sports_club_girls","Track/Field"
"053","sports_club_boys","Track/Field"
"053","sports_uil_boys","Track/Field"
"053","sports_club_girls","Track/Field"
"053","sports_uil_girls","Track/Field"
"055","sports_uil_boys","Track/Field"
"055","sports_uil_girls","Track/Field"
"055","sports_uil_coed","Track/Field"
"056","sports_uil_boys","Track/Field"
"056","sports_uil_girls","Track/Field"
"057","sports_uil_boys","Track/Field"
"057","sports_uil_girls","Track/Field"
"059","sports_uil_boys","Track/Field"
"059","sports_uil_girls","Track/Field"
"060","sports_uil_boys","Track/Field"
"060","sports_uil_girls","Track/Field"
"062","sports_club_boys","Track/Field"
"062","sports_uil_boys","Track/Field"
"062","sports_club_girls","Track/Field"
"062","sports_uil_girls","Track/Field"
"064","sports_uil_coed","Track/Field"
"068","sports_uil_boys","Track/Field"
"068","sports_uil_girls","Track/Field"
"072","sports_uil_boys","Track/Field"
"072","sports_uil_girls","Track/Field"
"075","sports_uil_boys","Track/Field"
"075","sports_uil_girls","Track/Field"
"077","sports_club_boys","Track/Field"
"077","sports_uil_boys","Track/Field"
"077","sports_club_girls","Track/Field"
"077","sports_uil_girls","Track/Field"
"078","sports_uil_boys","Track/Field"
"078","sports_uil_girls","Track/Field"
"079","sports_club_boys","Track/Field"
"079","sports_uil_boys","Track/Field"
"079","sports_club_girls","Track/Field"
"079","sports_uil_girls","Track/Field"
"080","sports_uil_coed","Track/Field"
"081","sports_club_boys","Track/Field"
"081","sports_uil_boys","Track/Field"
"081","sports_club_girls","Track/Field"
"081","sports_uil_girls","Track/Field"
"082","sports_uil_boys","Track/Field"
"082","sports_uil_girls","Track/Field"
"098","sports_uil_coed","Track/Field"
"117","sports_club_boys","Track/Field"
"117","sports_club_girls","Track/Field"
"123","sports_club_coed","Track/Field"
"151","sports_club_coed","Track/Field"
"158","sports_club_coed","Track/Field"
"163","sports_club_boys","Track/Field"
"163","sports_club_girls","Track/Field"
"175","sports_club_coed","Track/Field"
"179","sports_club_coed","Track/Field"
"187","sports_club_coed","Track/Field"
"188","sports_club_coed","Track/Field"
"195","sports_club_coed","Track/Field"
"217","sports_club_boys","Track/Field"
"217","sports_club_girls","Track/Field"
"219","sports_club_coed","Track/Field"
"225","sports_club_coed","Track/Field"
"243","sports_club_boys","Track/Field"
"243","sports_club_girls","Track/Field"
"243","sports_club_coed","Track/Field"
"262","sports_club_boys","Track/Field"
"262","sports_club_girls","Track/Field"
"263","sports_club_coed","Track/Field"
"264","sports_club_coed","Track/Field"
"310","sports_uil_boys","Track/Field"
"310","sports_uil_girls","Track/Field"
"322","sports_uil_coed","Track/Field"
"337","sports_uil_coed","Track/Field"
"338","sports_uil_boys","Track/Field"
"338","sports_uil_girls","Track/Field"
"358","sports_club_coed","Track/Field"
"369","sports_club_coed","Track/Field"
"458","sports_uil_boys","Track/Field"
"463","sports_uil_girls","Track/Field"
"477","sports_uil_boys","Track/Field"
"477","sports_uil_girls","Track/Field"
"477","sports_uil_coed","Track/Field"
"001","sports_club_boys","Volleyball"
"001","sports_uil_boys","Volleyball"
"001","sports_club_girls","Volleyball"
"001","sports_uil_girls","Volleyball"
"002","sports_club_girls","Volleyball"
"002","sports_uil_girls","Volleyball"
"003","sports_uil_girls","Volleyball"
"004","sports_uil_girls","Volleyball"
"006","sports_club_coed","Volleyball"
"007","sports_uil_girls","Volleyball"
"008","sports_uil_girls","Volleyball"
"009","sports_club_boys","Volleyball"
"009","sports_uil_girls","Volleyball"
"010","sports_uil_boys","Volleyball"
"010","sports_uil_girls","Volleyball"
"011","sports_uil_girls","Volleyball"
"012","sports_uil_girls","Volleyball"
"014","sports_uil_girls","Volleyball"
"015","sports_uil_girls","Volleyball"
"016","sports_uil_girls","Volleyball"
"017","sports_uil_girls","Volleyball"
"018","sports_uil_girls","Volleyball"
"020","sports_uil_boys","Volleyball"
"020","sports_uil_girls","Volleyball"
"023","sports_uil_girls","Volleyball"
"024","sports_uil_girls","Volleyball"
"026","sports_club_boys","Volleyball"
"026","sports_club_girls","Volleyball"
"027","sports_uil_girls","Volleyball"
"034","sports_club_boys","Volleyball"
"034","sports_club_girls","Volleyball"
"034","sports_club_coed","Volleyball"
"036","sports_uil_girls","Volleyball"
"039","sports_uil_girls","Volleyball"
"041","sports_uil_girls","Volleyball"
"042","sports_uil_girls","Volleyball"
"043","sports_uil_girls","Volleyball"
"044","sports_uil_girls","Volleyball"
"045","sports_uil_girls","Volleyball"
"046","sports_uil_girls","Volleyball"
"047","sports_uil_girls","Volleyball"
"048","sports_uil_girls","Volleyball"
"049","sports_uil_girls","Volleyball"
"050","sports_club_girls","Volleyball"
"051","sports_uil_girls","Volleyball"
"052","sports_club_girls","Volleyball"
"053","sports_club_girls","Volleyball"
"053","sports_uil_girls","Volleyball"
"054","sports_uil_girls","Volleyball"
"055","sports_uil_girls","Volleyball"
"056","sports_uil_girls","Volleyball"
"057","sports_uil_girls","Volleyball"
"058","sports_club_girls","Volleyball"
"058","sports_uil_girls","Volleyball"
"059","sports_uil_girls","Volleyball"
"060","sports_uil_girls","Volleyball"
"061","sports_uil_girls","Volleyball"
"062","sports_uil_girls","Volleyball"
"064","sports_uil_girls","Volleyball"
"068","sports_uil_girls","Volleyball"
"072","sports_uil_girls","Volleyball"
"075","sports_uil_girls","Volleyball"
"077","sports_uil_girls","Volleyball"
"078","sports_uil_girls","Volleyball"
"079","sports_club_boys","Volleyball"
"079","sports_uil_boys","Volleyball"
"079","sports_club_girls","Volleyball"
"079","sports_uil_girls","Volleyball"
"080","sports_uil_girls","Volleyball"
"081","sports_uil_girls","Volleyball"
"081","sports_club_coed","Volleyball"
"082","sports_uil_girls","Volleyball"
"098","sports_uil_girls","Volleyball"
"099","sports_uil_girls","Volleyball"
"109","sports_club_coed","Volleyball"
"113","sports_club_coed","Volleyball"
"123","sports_club_coed","Volleyball"
"151","sports_club_coed","Volleyball"
"163","sports_club_boys","Volleyball"
"163","sports_club_girls","Volleyball"
"179","sports_club_coed","Volleyball"
"187","sports_club_coed","Volleyball"
"195","sports_club_girls","Volleyball"
"196","sports_club_coed","Volleyball"
"215","sports_club_boys","Volleyball"
"215","sports_club_girls","Volleyball"
"215","sports_club_coed","Volleyball"
"217","sports_club_girls","Volleyball"
"218","sports_uil_girls","Volleyball"
"225","sports_club_girls","Volleyball"
"227","sports_club_boys","Volleyball"
"227","sports_club_girls","Volleyball"
"234","sports_club_girls","Volleyball"
"243","sports_club_girls","Volleyball"
"262","sports_club_boys","Volleyball"
"262","sports_club_girls","Volleyball"
"264","sports_club_girls","Volleyball"
"301","sports_club_boys","Volleyball"
"301","sports_club_girls","Volleyball"
"308","sports_club_boys","Volleyball"
"308","sports_club_girls","Volleyball"
"310","sports_uil_girls","Volleyball"
"311","sports_club_girls","Volleyball"
"321","sports_club_coed","Volleyball"
"322","sports_uil_girls","Volleyball"
"323","sports_club_boys","Volleyball"
"323","sports_club_girls","Volleyball"
"323","sports_club_coed","Volleyball"
"337","sports_uil_girls","Volleyball"
"338","sports_uil_girls","Volleyball"
"340","sports_uil_boys","Volleyball"
"340","sports_uil_girls","Volleyball"
"345","sports_club_boys","Volleyball"
"345","sports_club_girls","Volleyball"
"348","sports_club_coed","Volleyball"
"369","sports_club_coed","Volleyball"
"382","sports_uil_girls","Volleyball"
"390","sports_club_girls","Volleyball"
"390","sports_uil_girls","Volleyball"
"460","sports_club_girls","Volleyball"
"463","sports_uil_girls","Volleyball"
"476","sports_uil_girls","Volleyball"
"476","sports_uil_coed","Volleyball"
"477","sports_uil_girls","Volleyball"
"485","sports_club_coed","Volleyball"
"002","sports_club_boys","Water Polo"
"002","sports_uil_boys","Water Polo"
"002","sports_club_girls","Water Polo"
"002","sports_uil_girls","Water Polo"
"003","sports_uil_boys","Water Polo"
"003","sports_uil_girls","Water Polo"
"008","sports_uil_boys","Water Polo"
"008","sports_uil_girls","Water Polo"
"010","sports_uil_boys","Water Polo"
"010","sports_uil_girls","Water Polo"
"011","sports_uil_boys","Water Polo"
"011","sports_uil_girls","Water Polo"
"015","sports_uil_boys","Water Polo"
"015","sports_uil_girls","Water Polo"
"027","sports_uil_coed","Water Polo"
"036","sports_uil_boys","Water Polo"
"036","sports_uil_girls","Water Polo"
"001","sports_club_boys","Wrestling"
"001","sports_uil_boys","Wrestling"
"001","sports_club_girls","Wrestling"
"001","sports_uil_girls","Wrestling"
"002","sports_club_boys","Wrestling"
"002","sports_uil_boys","Wrestling"
"002","sports_club_girls","Wrestling"
"002","sports_uil_girls","Wrestling"
"003","sports_uil_boys","Wrestling"
"003","sports_uil_girls","Wrestling"
"008","sports_uil_boys","Wrestling"
"008","sports_uil_girls","Wrestling"
"009","sports_uil_boys","Wrestling"
"009","sports_uil_girls","Wrestling"
"010","sports_uil_boys","Wrestling"
"010","sports_uil_girls","Wrestling"
"011","sports_uil_boys","Wrestling"
"011","sports_uil_girls","Wrestling"
"012","sports_uil_boys","Wrestling"
"012","sports_uil_girls","Wrestling"
"015","sports_uil_boys","Wrestling"
"015","sports_uil_girls","Wrestling"
"017","sports_club_boys","Wrestling"
"018","sports_uil_boys","Wrestling"
"018","sports_uil_girls","Wrestling"
"027","sports_uil_boys","Wrestling"
"027","sports_uil_girls","Wrestling"
"036","sports_uil_boys","Wrestling"
"036","sports_uil_girls","Wrestling"
"044","sports_uil_boys","Wrestling"
"044","sports_uil_girls","Wrestling"
"053","sports_club_boys","Wrestling"
"053","sports_uil_boys","Wrestling"
"053","sports_club_girls","Wrestling"
"053","sports_uil_girls","Wrestling"
"057","sports_club_coed","Wrestling"
"099","sports_club_coed","Wrestling"
"310","sports_uil_coed","Wrestling"
"477","sports_uil_boys","Wrestling"
"477","sports_uil_girls","Wrestling"
"477","sports_uil_coed","Wrestling"
"011","sports_club_coed","Archery"
"015","sports_club_coed","Archery"
"024","sports_club_boys","Archery"
"024","sports_club_girls","Archery"
"034","sports_club_coed","Archery"
"061","sports_club_coed","Archery"
"064","sports_club_coed","Archery"
"151","sports_club_coed","Archery"
"308","sports_club_coed","Archery"
"151","sports_club_coed","Bowling"
"002","sports_club_coed","Disc Golf"
"042","sports_club_coed","Disc Golf"
"153","sports_club_coed","Disc Golf"
"014","sports_club_girls","Flag Football"
"018","sports_club_girls","Flag Football"
"024","sports_club_girls","Flag Football"
"034","sports_club_coed","Flag Football"
"045","sports_club_boys","Flag Football"
"047","sports_club_boys","Flag Football"
"058","sports_club_boys","Flag Football"
"064","sports_club_coed","Flag Football"
"099","sports_club_coed","Flag Football"
"121","sports_club_coed","Flag Football"
"123","sports_club_coed","Flag Football"
"151","sports_club_coed","Flag Football"
"187","sports_club_coed","Flag Football"
"196","sports_club_coed","Flag Football"
"203","sports_club_coed","Flag Football"
"217","sports_club_boys","Flag Football"
"225","sports_club_coed","Flag Football"
"234","sports_club_coed","Flag Football"
"243","sports_club_boys","Flag Football"
"243","sports_club_coed","Flag Football"
"247","sports_club_coed","Flag Football"
"257","sports_club_boys","Flag Football"
"262","sports_club_boys","Flag Football"
"267","sports_club_boys","Flag Football"
"301","sports_club_coed","Flag Football"
"359","sports_club_coed","Flag Football"
"468","sports_club_boys","Flag Football"
"002","sports_club_coed","Fun Fit"
"051","sports_club_coed","Fun Fit"
"267","sports_club_coed","Fun Fit"
"358","sports_club_coed","Fun Fit"
"486","sports_club_coed","Fun Fit"
"026","sports_club_coed","Gymnastics"
"056","sports_club_coed","Gymnastics"
"064","sports_club_coed","Gymnastics"
"151","sports_club_coed","Gymnastics"
"187","sports_club_coed","Gymnastics"
"189","sports_club_coed","Gymnastics"
"215","sports_club_boys","Gymnastics"
"215","sports_club_girls","Gymnastics"
"215","sports_club_coed","Gymnastics"
"042","sports_club_coed","Karate"
"043","sports_club_coed","Karate"
"049","sports_club_coed","Karate"
"051","sports_club_coed","Karate"
"053","sports_club_boys","Karate"
"053","sports_club_girls","Karate"
"055","sports_club_coed","Karate"
"057","sports_club_coed","Karate"
"060","sports_club_coed","Karate"
"064","sports_club_coed","Karate"
"098","sports_club_coed","Karate"
"113","sports_club_coed","Karate"
"169","sports_club_coed","Karate"
"187","sports_club_coed","Karate"
"189","sports_club_coed","Karate"
"215","sports_club_boys","Karate"
"215","sports_club_girls","Karate"
"215","sports_club_coed","Karate"
"267","sports_club_coed","Karate"
"292","sports_club_coed","Karate"
"353","sports_club_coed","Karate"
"456","sports_club_boys","Karate"
"456","sports_club_girls","Karate"
"456","sports_club_coed","Karate"
"002","sports_club_coed","Lacrosse"
"008","sports_club_boys","Lacrosse"
"008","sports_club_girls","Lacrosse"
"036","sports_club_boys","Lacrosse"
"042","sports_club_boys","Lacrosse"
"042","sports_club_girls","Lacrosse"
"064","sports_club_boys","Lacrosse"
"064","sports_club_girls","Lacrosse"
"099","sports_club_coed","Lacrosse"
"337","sports_club_boys","Lacrosse"
"337","sports_club_girls","Lacrosse"
"001","sports_club_boys","Running"
"001","sports_club_girls","Running"
"002","sports_club_boys","Running"
"002","sports_club_girls","Running"
"012","sports_club_boys","Running"
"012","sports_club_girls","Running"
"027","sports_club_coed","Running"
"049","sports_club_coed","Running"
"098","sports_club_girls","Running"
"109","sports_club_girls","Running"
"117","sports_club_boys","Running"
"117","sports_club_girls","Running"
"138","sports_club_boys","Running"
"138","sports_club_girls","Running"
"151","sports_club_coed","Running"
"163","sports_club_boys","Running"
"163","sports_club_girls","Running"
"166","sports_club_coed","Running"
"169","sports_club_boys","Running"
"169","sports_club_girls","Running"
"188","sports_club_coed","Running"
"189","sports_club_coed","Running"
"204","sports_club_coed","Running"
"211","sports_club_girls","Running"
"219","sports_club_coed","Running"
"221","sports_club_coed","Running"
"233","sports_club_boys","Running"
"233","sports_club_girls","Running"
"233","sports_club_coed","Running"
"234","sports_club_coed","Running"
"240","sports_club_coed","Running"
"241","sports_club_coed","Running"
"243","sports_club_boys","Running"
"243","sports_club_girls","Running"
"244","sports_club_girls","Running"
"248","sports_club_coed","Running"
"249","sports_club_coed","Running"
"256","sports_club_coed","Running"
"257","sports_club_coed","Running"
"264","sports_club_coed","Running"
"274","sports_club_girls","Running"
"279","sports_club_girls","Running"
"286","sports_club_coed","Running"
"292","sports_club_coed","Running"
"301","sports_club_coed","Running"
"348","sports_club_coed","Running"
"383","sports_club_coed","Running"
"396","sports_club_coed","Running"
"460","sports_club_coed","Running"
"476","sports_club_boys","Running"
"476","sports_club_girls","Running"
"476","sports_club_coed","Running"
"012","sports_club_boys","Squash"
"012","sports_club_girls","Squash"
"053","sports_club_boys","Squash"
"053","sports_club_girls","Squash"
"001","sports_club_boys","Strength/Conditioning"
"001","sports_club_girls","Strength/Conditioning"
"002","sports_club_boys","Strength/Conditioning"
"002","sports_club_girls","Strength/Conditioning"
"004","sports_club_coed","Strength/Conditioning"
"007","sports_club_boys","Strength/Conditioning"
"009","sports_club_coed","Strength/Conditioning"
"010","sports_club_boys","Strength/Conditioning"
"010","sports_club_girls","Strength/Conditioning"
"010","sports_club_coed","Strength/Conditioning"
"011","sports_club_coed","Strength/Conditioning"
"014","sports_club_boys","Strength/Conditioning"
"014","sports_club_girls","Strength/Conditioning"
"015","sports_club_coed","Strength/Conditioning"
"024","sports_club_coed","Strength/Conditioning"
"026","sports_club_boys","Strength/Conditioning"
"027","sports_club_coed","Strength/Conditioning"
"036","sports_club_boys","Strength/Conditioning"
"036","sports_club_girls","Strength/Conditioning"
"041","sports_club_coed","Strength/Conditioning"
"050","sports_club_boys","Strength/Conditioning"
"050","sports_club_girls","Strength/Conditioning"
"051","sports_club_coed","Strength/Conditioning"
"056","sports_club_coed","Strength/Conditioning"
"057","sports_club_coed","Strength/Conditioning"
"062","sports_club_coed","Strength/Conditioning"
"072","sports_club_boys","Strength/Conditioning"
"072","sports_club_girls","Strength/Conditioning"
"077","sports_club_boys","Strength/Conditioning"
"323","sports_club_boys","Strength/Conditioning"
"358","sports_club_coed","Strength/Conditioning"
"382","sports_club_coed","Strength/Conditioning"
"468","sports_club_coed","Strength/Conditioning"
"002","sports_club_coed","Yoga"
"010","sports_club_boys","Yoga"
"010","sports_club_girls","Yoga"
"010","sports_club_coed","Yoga"
"011","sports_club_coed","Yoga"
"057","sports_club_coed","Yoga"
"060","sports_club_coed","Yoga"
"062","sports_club_coed","Yoga"
"098","sports_club_coed","Yoga"
"113","sports_club_coed","Yoga"
"162","sports_club_coed","Yoga"
"187","sports_club_coed","Yoga"
"219","sports_club_coed","Yoga"
"234","sports_club_coed","Yoga"
"248","sports_club_coed","Yoga"
"257","sports_club_coed","Yoga"
"267","sports_club_coed","Yoga"
"279","sports_club_girls","Yoga"
"348","sports_club_coed","Yoga"
"359","sports_club_coed","Yoga"
"476","sports_club_boys","Yoga"
"476","sports_club_girls","Yoga"
"476","sports_club_coed","Yoga"
"486","sports_club_coed","Yoga"
