"entity_id","type","value","id"
"130","sports","Sports Not Offered",""
"203","sports_club_coed","Cheer/Drill",""
"203","sports_club_coed","Flag Football",""
"079","sports_club_boys","Baseball",""
"079","sports_club_girls","Cheer/Drill",""
"079","sports_uil_girls","Cheer/Drill",""
"079","sports_club_boys","Cross Country",""
"079","sports_uil_boys","Cross Country",""
"079","sports_club_girls","Cross Country",""
"079","sports_uil_girls","Cross Country",""
"079","sports_club_boys","Football",""
"079","sports_uil_boys","Football",""
"079","sports_club_boys","Cheer/Drill",""
"079","sports_uil_boys","Cheer/Drill",""
"079","sports_club_girls","Cheer/Drill",""
"079","sports_uil_girls","Cheer/Drill",""
"079","sports_club_boys","Track/Field",""
"079","sports_uil_boys","Track/Field",""
"079","sports_club_girls","Track/Field",""
"079","sports_uil_girls","Track/Field",""
"079","sports_club_boys","Volleyball",""
"079","sports_uil_boys","Volleyball",""
"079","sports_club_girls","Volleyball",""
"079","sports_uil_girls","Volleyball",""
"295","sports","Sports Not Offered",""
"372","sports_club_coed","Cheer/Drill",""
"152","sports","Sports Not Offered",""
"056","sports_uil_girls","Cheer/Drill",""
"056","sports_uil_boys","Cross Country",""
"056","sports_uil_girls","Cross Country",""
"056","sports_uil_boys","Football",""
"056","sports_uil_boys","Cheer/Drill",""
"056","sports_uil_girls","Cheer/Drill",""
"056","sports_uil_boys","Track/Field",""
"056","sports_uil_girls","Track/Field",""
"056","sports_uil_girls","Volleyball",""
"056","sports_club_coed","Gymnastics",""
"056","sports_club_coed","Strength/Conditioning",""
"158","sports_club_girls","Cheer/Drill",""
"158","sports_club_coed","Cheer/Drill",""
"158","sports_club_coed","Cheer/Drill",""
"158","sports_club_coed","Track/Field",""
"215","sports_club_boys","Golf",""
"215","sports_club_girls","Golf",""
"215","sports_club_coed","Golf",""
"215","sports_club_boys","Cheer/Drill",""
"215","sports_club_girls","Cheer/Drill",""
"215","sports_club_coed","Cheer/Drill",""
"215","sports_club_boys","Volleyball",""
"215","sports_club_girls","Volleyball",""
"215","sports_club_coed","Volleyball",""
"215","sports_club_boys","Gymnastics",""
"215","sports_club_girls","Gymnastics",""
"215","sports_club_coed","Gymnastics",""
"215","sports_club_boys","Karate",""
"215","sports_club_girls","Karate",""
"215","sports_club_coed","Karate",""
"248","sports_club_boys","Cheer/Drill",""
"248","sports_club_girls","Cheer/Drill",""
"248","sports_club_coed","Cheer/Drill",""
"248","sports_club_coed","Running",""
"248","sports_club_coed","Yoga",""
"196","sports_club_girls","Cheer/Drill",""
"196","sports_club_coed","Cheer/Drill",""
"196","sports_club_coed","Volleyball",""
"196","sports_club_coed","Flag Football",""
"267","sports_club_girls","Cheer/Drill",""
"267","sports_club_boys","Cheer/Drill",""
"267","sports_club_coed","Cheer/Drill",""
"267","sports_club_boys","Flag Football",""
"267","sports_club_coed","Fun Fit",""
"267","sports_club_coed","Karate",""
"267","sports_club_coed","Yoga",""
"224","sports","Sports Not Offered",""
"045","sports_club_girls","Cheer/Drill",""
"045","sports_uil_boys","Cross Country",""
"045","sports_uil_girls","Cross Country",""
"045","sports_uil_boys","Football",""
"045","sports_club_boys","Cheer/Drill",""
"045","sports_uil_boys","Cheer/Drill",""
"045","sports_uil_girls","Cheer/Drill",""
"045","sports_uil_boys","Track/Field",""
"045","sports_uil_girls","Track/Field",""
"045","sports_uil_girls","Volleyball",""
"045","sports_club_boys","Flag Football",""
"006","sports_club_girls","Cheer/Drill",""
"006","sports_club_boys","Cheer/Drill",""
"006","sports_club_girls","Cheer/Drill",""
"006","sports_club_coed","Volleyball",""
"265","sports_club_coed","Cheer/Drill",""
"265","sports_club_coed","Cheer/Drill",""
"135","sports","Sports Not Offered",""
"225","sports_club_girls","Cheer/Drill",""
"225","sports_club_coed","Cheer/Drill",""
"225","sports_club_coed","Track/Field",""
"225","sports_club_girls","Volleyball",""
"225","sports_club_coed","Flag Football",""
"253","sports","Sports Not Offered",""
"475","sports_club_coed","Cheer/Drill",""
"382","sports_club_girls","Cheer/Drill",""
"382","sports_uil_girls","Volleyball",""
"382","sports_club_coed","Strength/Conditioning",""
"353","sports_club_boys","Cheer/Drill",""
"353","sports_club_girls","Cheer/Drill",""
"353","sports_club_coed","Karate",""
"075","sports_club_girls","Cheer/Drill",""
"075","sports_uil_boys","Cross Country",""
"075","sports_uil_girls","Cross Country",""
"075","sports_uil_boys","Football",""
"075","sports_uil_girls","Football",""
"075","sports_uil_boys","Cheer/Drill",""
"075","sports_uil_girls","Cheer/Drill",""
"075","sports_uil_boys","Track/Field",""
"075","sports_uil_girls","Track/Field",""
"075","sports_uil_girls","Volleyball",""
"456","sports_club_boys","Karate",""
"456","sports_club_girls","Karate",""
"456","sports_club_coed","Karate",""
"271","sports_club_coed","Cheer/Drill",""
"019","sports_uil_boys","Baseball",""
"019","sports_uil_boys","Cheer/Drill",""
"019","sports_uil_girls","Cheer/Drill",""
"019","sports_uil_boys","Cross Country",""
"019","sports_uil_girls","Cross Country",""
"019","sports_uil_boys","Football",""
"019","sports_uil_girls","Football",""
"019","sports_uil_boys","Golf",""
"019","sports_uil_girls","Golf",""
"019","sports_uil_boys","Cheer/Drill",""
"019","sports_uil_girls","Cheer/Drill",""
"019","sports_uil_girls","Softball",""
"019","sports_uil_boys","Track/Field",""
"019","sports_uil_girls","Track/Field",""
"219","sports_club_coed","Cheer/Drill",""
"219","sports_club_coed","Golf",""
"219","sports_club_coed","Cheer/Drill",""
"219","sports_club_coed","Track/Field",""
"219","sports_club_coed","Running",""
"219","sports_club_coed","Yoga",""
"116","sports_club_coed","Cheer/Drill",""
"396","sports_club_girls","Cheer/Drill",""
"396","sports_club_coed","Running",""
"072","sports_uil_girls","Cheer/Drill",""
"072","sports_uil_boys","Football",""
"072","sports_uil_boys","Cheer/Drill",""
"072","sports_uil_girls","Cheer/Drill",""
"072","sports_uil_boys","Track/Field",""
"072","sports_uil_girls","Track/Field",""
"072","sports_uil_girls","Volleyball",""
"072","sports_club_boys","Strength/Conditioning",""
"072","sports_club_girls","Strength/Conditioning",""
"104","sports","Sports Not Offered",""
"276","sports_club_boys","Baseball",""
"276","sports_club_coed","Cheer/Drill",""
"276","sports_club_boys","Football",""
"276","sports_club_boys","Cheer/Drill",""
"119","sports","Sports Not Offered",""
"024","sports_club_boys","Archery",""
"024","sports_club_girls","Archery",""
"024","sports_uil_boys","Baseball",""
"024","sports_uil_girls","Cheer/Drill",""
"024","sports_uil_boys","Cross Country",""
"024","sports_uil_girls","Cross Country",""
"024","sports_uil_boys","Football",""
"024","sports_uil_boys","Golf",""
"024","sports_uil_girls","Golf",""
"024","sports_uil_boys","Cheer/Drill",""
"024","sports_uil_girls","Cheer/Drill",""
"024","sports_uil_girls","Softball",""
"024","sports_uil_boys","Cheer/Drill",""
"024","sports_uil_girls","Cheer/Drill",""
"024","sports_uil_boys","Tennis",""
"024","sports_uil_girls","Tennis",""
"024","sports_uil_girls","Volleyball",""
"024","sports_club_boys","Archery",""
"024","sports_club_girls","Archery",""
"024","sports_club_girls","Flag Football",""
"024","sports_club_coed","Strength/Conditioning",""
"109","sports_club_coed","Cheer/Drill",""
"109","sports_club_girls","Cross Country",""
"109","sports_club_coed","Football",""
"109","sports_club_coed","Cheer/Drill",""
"109","sports_club_coed","Volleyball",""
"109","sports_club_girls","Running",""
"374","sports","Sports Not Offered",""
"217","sports_club_boys","Baseball",""
"217","sports_club_girls","Cheer/Drill",""
"217","sports_club_boys","Football",""
"217","sports_club_boys","Cheer/Drill",""
"217","sports_club_girls","Cheer/Drill",""
"217","sports_club_boys","Softball",""
"217","sports_club_boys","Track/Field",""
"217","sports_club_girls","Track/Field",""
"217","sports_club_girls","Volleyball",""
"217","sports_club_boys","Flag Football",""
"275","sports","Sports Not Offered",""
"262","sports_club_boys","Cheer/Drill",""
"262","sports_club_girls","Cheer/Drill",""
"262","sports_club_boys","Football",""
"262","sports_club_boys","Cheer/Drill",""
"262","sports_club_girls","Cheer/Drill",""
"262","sports_club_boys","Track/Field",""
"262","sports_club_girls","Track/Field",""
"262","sports_club_boys","Volleyball",""
"262","sports_club_girls","Volleyball",""
"262","sports_club_boys","Flag Football",""
"345","sports_club_girls","Cheer/Drill",""
"345","sports_club_boys","Cheer/Drill",""
"345","sports_club_girls","Cheer/Drill",""
"345","sports_club_boys","Volleyball",""
"345","sports_club_girls","Volleyball",""
"352","sports_club_coed","Cheer/Drill",""
"352","sports_club_coed","Cheer/Drill",""
"255","sports","Sports Not Offered",""
"170","sports_club_coed","Cheer/Drill",""
"344","sports_club_boys","Baseball",""
"344","sports_club_boys","Cheer/Drill",""
"133","sports_club_coed","Cheer/Drill",""
"133","sports_club_coed","Cheer/Drill",""
"108","sports_club_girls","Cheer/Drill",""
"298","sports","Sports Not Offered",""
"127","sports","Sports Not Offered",""
"159","sports_club_boys","Cheer/Drill",""
"159","sports_club_girls","Cheer/Drill",""
"159","sports_club_coed","Cheer/Drill",""
"025","sports","Sports Not Offered",""
"154","sports_club_girls","Cheer/Drill",""
"354","sports","Sports Not Offered",""
"157","sports","Sports Not Offered",""
"082","sports_uil_girls","Cheer/Drill",""
"082","sports_uil_boys","Football",""
"082","sports_uil_boys","Cheer/Drill",""
"082","sports_uil_girls","Cheer/Drill",""
"082","sports_uil_boys","Track/Field",""
"082","sports_uil_girls","Track/Field",""
"082","sports_uil_girls","Volleyball",""
"182","sports_club_coed","Cheer/Drill",""
"340","sports_club_boys","Cheer/Drill",""
"340","sports_club_girls","Cheer/Drill",""
"340","sports_uil_boys","Cheer/Drill",""
"340","sports_uil_girls","Cheer/Drill",""
"340","sports_uil_boys","Volleyball",""
"340","sports_uil_girls","Volleyball",""
"241","sports_club_coed","Cheer/Drill",""
"241","sports_club_coed","Running",""
"153","sports_club_boys","Baseball",""
"153","sports_club_girls","Cheer/Drill",""
"153","sports_club_boys","Cheer/Drill",""
"153","sports_club_girls","Cheer/Drill",""
"153","sports_club_coed","Disc Golf",""
"308","sports_club_coed","Archery",""
"308","sports_club_girls","Cheer/Drill",""
"308","sports_club_boys","Cheer/Drill",""
"308","sports_club_girls","Cheer/Drill",""
"308","sports_club_boys","Volleyball",""
"308","sports_club_girls","Volleyball",""
"308","sports_club_coed","Archery",""
"077","sports_club_boys","Cheer/Drill",""
"077","sports_uil_boys","Cheer/Drill",""
"077","sports_club_girls","Cheer/Drill",""
"077","sports_uil_girls","Cheer/Drill",""
"077","sports_club_coed","Cheer/Drill",""
"077","sports_uil_coed","Cheer/Drill",""
"077","sports_club_boys","Cross Country",""
"077","sports_uil_boys","Cross Country",""
"077","sports_club_girls","Cross Country",""
"077","sports_uil_girls","Cross Country",""
"077","sports_club_coed","Cross Country",""
"077","sports_uil_coed","Cross Country",""
"077","sports_club_boys","Football",""
"077","sports_uil_boys","Football",""
"077","sports_uil_boys","Cheer/Drill",""
"077","sports_club_boys","Track/Field",""
"077","sports_uil_boys","Track/Field",""
"077","sports_club_girls","Track/Field",""
"077","sports_uil_girls","Track/Field",""
"077","sports_uil_girls","Volleyball",""
"077","sports_club_boys","Strength/Conditioning",""
"114","sports","Sports Not Offered",""
"257","sports_club_girls","Cheer/Drill",""
"257","sports_club_boys","Flag Football",""
"257","sports_club_coed","Running",""
"257","sports_club_coed","Yoga",""
"179","sports_club_coed","Cheer/Drill",""
"179","sports_club_coed","Track/Field",""
"179","sports_club_coed","Volleyball",""
"264","sports_club_coed","Cheer/Drill",""
"264","sports_club_coed","Cross Country",""
"264","sports_club_boys","Football",""
"264","sports_club_coed","Cheer/Drill",""
"264","sports_club_coed","Track/Field",""
"264","sports_club_girls","Volleyball",""
"264","sports_club_coed","Running",""
"394","sports","Sports Not Offered",""
"260","sports_club_girls","Cheer/Drill",""
"115","sports","Sports Not Offered",""
"210","sports","Sports Not Offered",""
"213","sports_club_girls","Cheer/Drill",""
"199","sports","Sports Not Offered",""
"172","sports_club_boys","Cheer/Drill",""
"172","sports_club_girls","Cheer/Drill",""
"252","sports","Sports Not Offered",""
"018","sports_uil_boys","Baseball",""
"018","sports_uil_coed","Cheer/Drill",""
"018","sports_uil_boys","Cross Country",""
"018","sports_uil_girls","Cross Country",""
"018","sports_uil_boys","Football",""
"018","sports_uil_boys","Cheer/Drill",""
"018","sports_uil_girls","Cheer/Drill",""
"018","sports_uil_girls","Softball",""
"018","sports_uil_boys","Track/Field",""
"018","sports_uil_girls","Track/Field",""
"018","sports_uil_girls","Volleyball",""
"018","sports_uil_boys","Wrestling",""
"018","sports_uil_girls","Wrestling",""
"018","sports_club_girls","Flag Football",""
"268","sports_club_girls","Cheer/Drill",""
"268","sports_club_boys","Cheer/Drill",""
"268","sports_club_girls","Cheer/Drill",""
"231","sports_club_girls","Cheer/Drill",""
"231","sports_club_coed","Cheer/Drill",""
"383","sports_club_coed","Cheer/Drill",""
"383","sports_club_coed","Running",""
"098","sports_club_boys","Baseball",""
"098","sports_uil_coed","Cheer/Drill",""
"098","sports_uil_boys","Cross Country",""
"098","sports_uil_girls","Cross Country",""
"098","sports_uil_boys","Football",""
"098","sports_uil_boys","Cheer/Drill",""
"098","sports_uil_girls","Cheer/Drill",""
"098","sports_club_girls","Softball",""
"098","sports_uil_coed","Swimming/Diving",""
"098","sports_uil_coed","Track/Field",""
"098","sports_uil_girls","Volleyball",""
"098","sports_club_coed","Karate",""
"098","sports_club_girls","Running",""
"098","sports_club_coed","Yoga",""
"486","sports_club_girls","Cheer/Drill",""
"486","sports_club_boys","Cheer/Drill",""
"486","sports_club_girls","Cheer/Drill",""
"486","sports_club_coed","Fun Fit",""
"486","sports_club_coed","Yoga",""
"348","sports_club_girls","Cheer/Drill",""
"348","sports_club_coed","Cheer/Drill",""
"348","sports_club_boys","Cheer/Drill",""
"348","sports_club_girls","Cheer/Drill",""
"348","sports_club_coed","Volleyball",""
"348","sports_club_coed","Running",""
"348","sports_club_coed","Yoga",""
"242","sports","Sports Not Offered",""
"247","sports_club_coed","Cheer/Drill",""
"247","sports_club_coed","Football",""
"247","sports_club_coed","Flag Football",""
"470","sports","Sports Not Offered",""
"149","sports","Sports Not Offered",""
"099","sports_club_boys","Baseball",""
"099","sports_club_coed","Cheer/Drill",""
"099","sports_uil_coed","Cross Country",""
"099","sports_uil_boys","Football",""
"099","sports_uil_boys","Cheer/Drill",""
"099","sports_uil_girls","Cheer/Drill",""
"099","sports_club_girls","Softball",""
"099","sports_uil_coed","Swimming/Diving",""
"099","sports_uil_girls","Volleyball",""
"099","sports_club_coed","Wrestling",""
"099","sports_club_coed","Flag Football",""
"099","sports_club_coed","Lacrosse",""
"078","sports_uil_girls","Cheer/Drill",""
"078","sports_uil_coed","Cheer/Drill",""
"078","sports_uil_boys","Cross Country",""
"078","sports_uil_girls","Cross Country",""
"078","sports_uil_boys","Football",""
"078","sports_uil_boys","Cheer/Drill",""
"078","sports_uil_girls","Cheer/Drill",""
"078","sports_uil_boys","Track/Field",""
"078","sports_uil_girls","Track/Field",""
"078","sports_uil_girls","Volleyball",""
"239","sports","Sports Not Offered",""
"249","sports_club_coed","Running",""
"113","sports_club_coed","Baseball",""
"113","sports_club_coed","Cheer/Drill",""
"113","sports_club_coed","Cheer/Drill",""
"113","sports_club_coed","Volleyball",""
"113","sports_club_coed","Karate",""
"113","sports_club_coed","Yoga",""
"013","sports","Sports Not Offered",""
"245","sports","Sports Not Offered",""
"220","sports","Sports Not Offered",""
"259","sports","Sports Not Offered",""
"011","sports_club_coed","Archery",""
"011","sports_uil_boys","Baseball",""
"011","sports_uil_girls","Cheer/Drill",""
"011","sports_uil_boys","Cross Country",""
"011","sports_uil_girls","Cross Country",""
"011","sports_uil_boys","Football",""
"011","sports_uil_boys","Golf",""
"011","sports_uil_girls","Golf",""
"011","sports_uil_boys","Cheer/Drill",""
"011","sports_uil_girls","Cheer/Drill",""
"011","sports_uil_girls","Softball",""
"011","sports_uil_boys","Swimming/Diving",""
"011","sports_uil_girls","Swimming/Diving",""
"011","sports_uil_boys","Cheer/Drill",""
"011","sports_uil_girls","Cheer/Drill",""
"011","sports_uil_boys","Track/Field",""
"011","sports_uil_girls","Track/Field",""
"011","sports_uil_girls","Volleyball",""
"011","sports_uil_boys","Water Polo",""
"011","sports_uil_girls","Water Polo",""
"011","sports_uil_boys","Wrestling",""
"011","sports_uil_girls","Wrestling",""
"011","sports_club_coed","Archery",""
"011","sports_club_coed","Strength/Conditioning",""
"011","sports_club_coed","Yoga",""
"174","sports_club_girls","Cheer/Drill",""
"174","sports_club_boys","Football",""
"479","sports","Sports Not Offered",""
"171","sports","Sports Not Offered",""
"124","sports_club_boys","Cheer/Drill",""
"124","sports_club_girls","Cheer/Drill",""
"042","sports_club_boys","Baseball",""
"042","sports_uil_coed","Cheer/Drill",""
"042","sports_uil_boys","Cross Country",""
"042","sports_uil_girls","Cross Country",""
"042","sports_uil_boys","Football",""
"042","sports_uil_boys","Cheer/Drill",""
"042","sports_uil_coed","Cheer/Drill",""
"042","sports_club_girls","Softball",""
"042","sports_uil_boys","Swimming/Diving",""
"042","sports_uil_girls","Swimming/Diving",""
"042","sports_uil_boys","Track/Field",""
"042","sports_uil_girls","Track/Field",""
"042","sports_uil_girls","Volleyball",""
"042","sports_club_coed","Disc Golf",""
"042","sports_club_coed","Karate",""
"042","sports_club_boys","Lacrosse",""
"042","sports_club_girls","Lacrosse",""
"207","sports","Sports Not Offered",""
"043","sports_club_girls","Cheer/Drill",""
"043","sports_uil_boys","Football",""
"043","sports_uil_boys","Cheer/Drill",""
"043","sports_uil_girls","Cheer/Drill",""
"043","sports_club_girls","Softball",""
"043","sports_uil_girls","Volleyball",""
"043","sports_club_coed","Karate",""
"233","sports_club_boys","Running",""
"233","sports_club_girls","Running",""
"233","sports_club_coed","Running",""
"254","sports_club_girls","Cheer/Drill",""
"254","sports_club_coed","Cheer/Drill",""
"110","sports","Sports Not Offered",""
"480","sports","Sports Not Offered",""
"194","sports","Sports Not Offered",""
"122","sports_club_girls","Cheer/Drill",""
"047","sports_club_girls","Cheer/Drill",""
"047","sports_uil_boys","Cross Country",""
"047","sports_uil_girls","Cross Country",""
"047","sports_uil_boys","Football",""
"047","sports_uil_girls","Football",""
"047","sports_club_boys","Cheer/Drill",""
"047","sports_uil_boys","Cheer/Drill",""
"047","sports_uil_boys","Track/Field",""
"047","sports_uil_girls","Track/Field",""
"047","sports_uil_girls","Volleyball",""
"047","sports_club_boys","Flag Football",""
"121","sports_club_coed","Football",""
"121","sports_club_coed","Flag Football",""
"258","sports_club_coed","Cheer/Drill",""
"258","sports_club_boys","Cheer/Drill",""
"258","sports_club_girls","Cheer/Drill",""
"258","sports_club_coed","Cheer/Drill",""
"243","sports_club_girls","Cheer/Drill",""
"243","sports_club_boys","Cross Country",""
"243","sports_club_girls","Cross Country",""
"243","sports_club_coed","Cross Country",""
"243","sports_club_boys","Football",""
"243","sports_club_coed","Football",""
"243","sports_club_boys","Track/Field",""
"243","sports_club_girls","Track/Field",""
"243","sports_club_coed","Track/Field",""
"243","sports_club_girls","Volleyball",""
"243","sports_club_boys","Flag Football",""
"243","sports_club_coed","Flag Football",""
"243","sports_club_boys","Running",""
"243","sports_club_girls","Running",""
"187","sports_club_coed","Cheer/Drill",""
"187","sports_club_coed","Football",""
"187","sports_club_coed","Cheer/Drill",""
"187","sports_club_coed","Track/Field",""
"187","sports_club_coed","Volleyball",""
"187","sports_club_coed","Flag Football",""
"187","sports_club_coed","Gymnastics",""
"187","sports_club_coed","Karate",""
"187","sports_club_coed","Yoga",""
"342","sports_club_girls","Cheer/Drill",""
"342","sports_club_boys","Cheer/Drill",""
"342","sports_club_girls","Cheer/Drill",""
"364","sports_club_girls","Cheer/Drill",""
"023","sports_uil_boys","Baseball",""
"023","sports_uil_girls","Baseball",""
"023","sports_uil_coed","Cheer/Drill",""
"023","sports_uil_boys","Cross Country",""
"023","sports_uil_girls","Cross Country",""
"023","sports_uil_boys","Football",""
"023","sports_uil_boys","Golf",""
"023","sports_uil_girls","Golf",""
"023","sports_uil_boys","Cheer/Drill",""
"023","sports_uil_girls","Cheer/Drill",""
"023","sports_uil_boys","Softball",""
"023","sports_uil_girls","Softball",""
"023","sports_uil_boys","Track/Field",""
"023","sports_uil_girls","Track/Field",""
"023","sports_uil_girls","Volleyball",""
"274","sports_club_boys","Cheer/Drill",""
"274","sports_club_girls","Running",""
"321","sports_club_coed","Cheer/Drill",""
"321","sports_club_coed","Volleyball",""
"163","sports_club_boys","Cross Country",""
"163","sports_club_girls","Cross Country",""
"163","sports_club_boys","Football",""
"163","sports_club_boys","Cheer/Drill",""
"163","sports_club_boys","Track/Field",""
"163","sports_club_girls","Track/Field",""
"163","sports_club_boys","Volleyball",""
"163","sports_club_girls","Volleyball",""
"163","sports_club_boys","Running",""
"163","sports_club_girls","Running",""
"039","sports_club_coed","Baseball",""
"039","sports_club_girls","Cheer/Drill",""
"039","sports_uil_boys","Cross Country",""
"039","sports_uil_girls","Cross Country",""
"039","sports_uil_boys","Cheer/Drill",""
"039","sports_uil_girls","Cheer/Drill",""
"039","sports_uil_boys","Swimming/Diving",""
"039","sports_uil_girls","Swimming/Diving",""
"039","sports_club_boys","Tennis",""
"039","sports_club_girls","Tennis",""
"039","sports_uil_boys","Track/Field",""
"039","sports_uil_girls","Track/Field",""
"039","sports_uil_girls","Volleyball",""
"111","sports","Sports Not Offered",""
"311","sports_club_boys","Baseball",""
"311","sports_club_girls","Cheer/Drill",""
"311","sports_club_boys","Football",""
"311","sports_club_boys","Cheer/Drill",""
"311","sports_club_girls","Volleyball",""
"324","sports_club_boys","Cheer/Drill",""
"324","sports_club_girls","Cheer/Drill",""
"299","sports","Sports Not Offered",""
"044","sports_club_girls","Cheer/Drill",""
"044","sports_uil_girls","Cheer/Drill",""
"044","sports_uil_boys","Cross Country",""
"044","sports_uil_girls","Cross Country",""
"044","sports_uil_boys","Football",""
"044","sports_uil_boys","Cheer/Drill",""
"044","sports_uil_boys","Swimming/Diving",""
"044","sports_uil_girls","Swimming/Diving",""
"044","sports_uil_boys","Track/Field",""
"044","sports_uil_girls","Track/Field",""
"044","sports_uil_girls","Volleyball",""
"044","sports_uil_boys","Wrestling",""
"044","sports_uil_girls","Wrestling",""
"373","sports","Sports Not Offered",""
"350","sports","Sports Not Offered",""
"136","sports_club_girls","Cheer/Drill",""
"136","sports_uil_girls","Cheer/Drill",""
"136","sports_club_boys","Cheer/Drill",""
"136","sports_uil_boys","Cheer/Drill",""
"136","sports_club_coed","Cheer/Drill",""
"136","sports_uil_coed","Cheer/Drill",""
"112","sports_club_boys","Baseball",""
"112","sports_club_girls","Cheer/Drill",""
"112","sports_club_coed","Cheer/Drill",""
"123","sports_club_girls","Cheer/Drill",""
"123","sports_club_boys","Football",""
"123","sports_club_coed","Track/Field",""
"123","sports_club_coed","Volleyball",""
"123","sports_club_coed","Flag Football",""
"173","sports","Sports Not Offered",""
"283","sports","Sports Not Offered",""
"195","sports_club_girls","Cheer/Drill",""
"195","sports_club_boys","Football",""
"195","sports_club_boys","Cheer/Drill",""
"195","sports_club_coed","Track/Field",""
"195","sports_club_girls","Volleyball",""
"166","sports_club_girls","Cheer/Drill",""
"166","sports_club_boys","Cheer/Drill",""
"166","sports_club_girls","Cheer/Drill",""
"166","sports_club_coed","Running",""
"251","sports","Sports Not Offered",""
"360","sports","Sports Not Offered",""
"227","sports_club_boys","Cheer/Drill",""
"227","sports_club_girls","Cheer/Drill",""
"227","sports_club_boys","Volleyball",""
"227","sports_club_girls","Volleyball",""
"010","sports_uil_boys","Baseball",""
"010","sports_uil_girls","Baseball",""
"010","sports_uil_boys","Cheer/Drill",""
"010","sports_uil_girls","Cheer/Drill",""
"010","sports_uil_boys","Cross Country",""
"010","sports_uil_girls","Cross Country",""
"010","sports_uil_boys","Football",""
"010","sports_uil_girls","Football",""
"010","sports_uil_boys","Golf",""
"010","sports_uil_girls","Golf",""
"010","sports_uil_boys","Cheer/Drill",""
"010","sports_uil_girls","Cheer/Drill",""
"010","sports_uil_boys","Softball",""
"010","sports_uil_girls","Softball",""
"010","sports_uil_boys","Swimming/Diving",""
"010","sports_uil_girls","Swimming/Diving",""
"010","sports_uil_boys","Cheer/Drill",""
"010","sports_uil_girls","Cheer/Drill",""
"010","sports_uil_boys","Tennis",""
"010","sports_uil_girls","Tennis",""
"010","sports_uil_boys","Track/Field",""
"010","sports_uil_girls","Track/Field",""
"010","sports_uil_boys","Volleyball",""
"010","sports_uil_girls","Volleyball",""
"010","sports_uil_boys","Water Polo",""
"010","sports_uil_girls","Water Polo",""
"010","sports_uil_boys","Wrestling",""
"010","sports_uil_girls","Wrestling",""
"010","sports_club_boys","Strength/Conditioning",""
"010","sports_club_girls","Strength/Conditioning",""
"010","sports_club_coed","Strength/Conditioning",""
"010","sports_club_boys","Yoga",""
"010","sports_club_girls","Yoga",""
"010","sports_club_coed","Yoga",""
"263","sports_club_girls","Cheer/Drill",""
"263","sports_club_coed","Cheer/Drill",""
"263","sports_club_coed","Track/Field",""
"175","sports_club_girls","Cheer/Drill",""
"175","sports_club_coed","Cheer/Drill",""
"175","sports_club_coed","Track/Field",""
"015","sports_club_coed","Archery",""
"015","sports_uil_boys","Baseball",""
"015","sports_uil_girls","Cheer/Drill",""
"015","sports_uil_coed","Cheer/Drill",""
"015","sports_uil_boys","Cross Country",""
"015","sports_uil_girls","Cross Country",""
"015","sports_uil_boys","Football",""
"015","sports_uil_boys","Golf",""
"015","sports_uil_girls","Golf",""
"015","sports_uil_boys","Cheer/Drill",""
"015","sports_uil_girls","Cheer/Drill",""
"015","sports_uil_girls","Softball",""
"015","sports_uil_boys","Swimming/Diving",""
"015","sports_uil_girls","Swimming/Diving",""
"015","sports_uil_boys","Cheer/Drill",""
"015","sports_uil_girls","Cheer/Drill",""
"015","sports_uil_boys","Tennis",""
"015","sports_uil_girls","Tennis",""
"015","sports_uil_boys","Track/Field",""
"015","sports_uil_girls","Track/Field",""
"015","sports_uil_girls","Volleyball",""
"015","sports_uil_boys","Water Polo",""
"015","sports_uil_girls","Water Polo",""
"015","sports_uil_boys","Wrestling",""
"015","sports_uil_girls","Wrestling",""
"015","sports_club_coed","Archery",""
"015","sports_club_coed","Strength/Conditioning",""
"131","sports","Sports Not Offered",""
"008","sports_uil_boys","Baseball",""
"008","sports_uil_coed","Cheer/Drill",""
"008","sports_uil_boys","Cross Country",""
"008","sports_uil_girls","Cross Country",""
"008","sports_uil_boys","Football",""
"008","sports_uil_boys","Golf",""
"008","sports_uil_girls","Golf",""
"008","sports_uil_boys","Cheer/Drill",""
"008","sports_uil_girls","Cheer/Drill",""
"008","sports_uil_girls","Softball",""
"008","sports_uil_boys","Swimming/Diving",""
"008","sports_uil_girls","Swimming/Diving",""
"008","sports_uil_boys","Cheer/Drill",""
"008","sports_uil_girls","Cheer/Drill",""
"008","sports_uil_coed","Cheer/Drill",""
"008","sports_uil_boys","Tennis",""
"008","sports_uil_girls","Tennis",""
"008","sports_uil_boys","Track/Field",""
"008","sports_uil_girls","Track/Field",""
"008","sports_uil_girls","Volleyball",""
"008","sports_uil_boys","Water Polo",""
"008","sports_uil_girls","Water Polo",""
"008","sports_uil_boys","Wrestling",""
"008","sports_uil_girls","Wrestling",""
"008","sports_club_boys","Lacrosse",""
"008","sports_club_girls","Lacrosse",""
"162","sports_club_boys","Cheer/Drill",""
"162","sports_club_girls","Cheer/Drill",""
"162","sports_club_coed","Yoga",""
"289","sports_club_boys","Cheer/Drill",""
"289","sports_club_girls","Cheer/Drill",""
"273","sports","Sports Not Offered",""
"214","sports_club_girls","Cheer/Drill",""
"061","sports_club_coed","Archery",""
"061","sports_club_boys","Baseball",""
"061","sports_uil_girls","Cheer/Drill",""
"061","sports_uil_boys","Football",""
"061","sports_uil_boys","Cheer/Drill",""
"061","sports_uil_girls","Cheer/Drill",""
"061","sports_club_girls","Softball",""
"061","sports_uil_girls","Volleyball",""
"061","sports_club_coed","Archery",""
"058","sports_club_boys","Football",""
"058","sports_uil_boys","Football",""
"058","sports_club_girls","Volleyball",""
"058","sports_uil_girls","Volleyball",""
"058","sports_club_boys","Flag Football",""
"007","sports_uil_boys","Baseball",""
"007","sports_uil_girls","Cheer/Drill",""
"007","sports_uil_boys","Cross Country",""
"007","sports_uil_girls","Cross Country",""
"007","sports_uil_boys","Football",""
"007","sports_uil_boys","Cheer/Drill",""
"007","sports_uil_girls","Cheer/Drill",""
"007","sports_uil_girls","Softball",""
"007","sports_uil_boys","Track/Field",""
"007","sports_uil_girls","Track/Field",""
"007","sports_uil_girls","Volleyball",""
"007","sports_club_boys","Strength/Conditioning",""
"167","sports","Sports Not Offered",""
"357","sports","Sports Not Offered",""
"052","sports_club_girls","Cheer/Drill",""
"052","sports_club_boys","Cross Country",""
"052","sports_club_girls","Cross Country",""
"052","sports_club_boys","Football",""
"052","sports_club_boys","Cheer/Drill",""
"052","sports_club_girls","Cheer/Drill",""
"052","sports_club_boys","Track/Field",""
"052","sports_club_girls","Track/Field",""
"052","sports_club_girls","Volleyball",""
"458","sports_uil_boys","Baseball",""
"458","sports_uil_boys","Cheer/Drill",""
"458","sports_uil_boys","Cross Country",""
"458","sports_uil_boys","Cheer/Drill",""
"458","sports_uil_boys","Track/Field",""
"359","sports_club_girls","Cheer/Drill",""
"359","sports_club_coed","Cheer/Drill",""
"359","sports_club_coed","Flag Football",""
"359","sports_club_coed","Yoga",""
"390","sports_club_boys","Baseball",""
"390","sports_uil_boys","Baseball",""
"390","sports_club_boys","Cheer/Drill",""
"390","sports_uil_boys","Cheer/Drill",""
"390","sports_club_girls","Cheer/Drill",""
"390","sports_uil_girls","Cheer/Drill",""
"390","sports_club_boys","Cheer/Drill",""
"390","sports_uil_boys","Cheer/Drill",""
"390","sports_club_girls","Cheer/Drill",""
"390","sports_uil_girls","Cheer/Drill",""
"390","sports_club_girls","Volleyball",""
"390","sports_uil_girls","Volleyball",""
"120","sports","Sports Not Offered",""
"168","sports_club_girls","Cheer/Drill",""
"132","sports_club_girls","Cheer/Drill",""
"132","sports_club_boys","Cheer/Drill",""
"132","sports_club_girls","Cheer/Drill",""
"186","sports","Sports Not Offered",""
"041","sports_club_boys","Baseball",""
"041","sports_uil_girls","Cheer/Drill",""
"041","sports_uil_boys","Cross Country",""
"041","sports_uil_girls","Cross Country",""
"041","sports_uil_boys","Football",""
"041","sports_uil_boys","Cheer/Drill",""
"041","sports_uil_girls","Cheer/Drill",""
"041","sports_club_boys","Softball",""
"041","sports_club_girls","Softball",""
"041","sports_uil_boys","Swimming/Diving",""
"041","sports_uil_girls","Swimming/Diving",""
"041","sports_uil_boys","Track/Field",""
"041","sports_uil_girls","Track/Field",""
"041","sports_uil_girls","Volleyball",""
"041","sports_club_coed","Strength/Conditioning",""
"223","sports","Sports Not Offered",""
"185","sports_club_girls","Cheer/Drill",""
"476","sports_uil_girls","Cheer/Drill",""
"476","sports_uil_boys","Football",""
"476","sports_uil_coed","Football",""
"476","sports_uil_boys","Cheer/Drill",""
"476","sports_uil_coed","Cheer/Drill",""
"476","sports_uil_girls","Volleyball",""
"476","sports_uil_coed","Volleyball",""
"476","sports_club_boys","Running",""
"476","sports_club_girls","Running",""
"476","sports_club_coed","Running",""
"476","sports_club_boys","Yoga",""
"476","sports_club_girls","Yoga",""
"476","sports_club_coed","Yoga",""
"485","sports_club_coed","Cheer/Drill",""
"485","sports_club_coed","Volleyball",""
"369","sports_club_coed","Cheer/Drill",""
"369","sports_club_coed","Track/Field",""
"369","sports_club_coed","Volleyball",""
"156","sports_club_coed","Cheer/Drill",""
"048","sports_uil_boys","Football",""
"048","sports_uil_girls","Football",""
"048","sports_uil_boys","Cheer/Drill",""
"048","sports_uil_girls","Cheer/Drill",""
"048","sports_uil_boys","Track/Field",""
"048","sports_uil_girls","Track/Field",""
"048","sports_uil_girls","Volleyball",""
"192","sports_club_girls","Cheer/Drill",""
"192","sports_club_boys","Cheer/Drill",""
"192","sports_club_girls","Cheer/Drill",""
"053","sports_club_boys","Baseball",""
"053","sports_uil_boys","Baseball",""
"053","sports_club_girls","Cheer/Drill",""
"053","sports_uil_girls","Cheer/Drill",""
"053","sports_club_boys","Cross Country",""
"053","sports_uil_boys","Cross Country",""
"053","sports_club_girls","Cross Country",""
"053","sports_uil_girls","Cross Country",""
"053","sports_uil_boys","Football",""
"053","sports_club_boys","Cheer/Drill",""
"053","sports_uil_boys","Cheer/Drill",""
"053","sports_club_girls","Cheer/Drill",""
"053","sports_uil_girls","Cheer/Drill",""
"053","sports_club_girls","Softball",""
"053","sports_uil_girls","Softball",""
"053","sports_uil_boys","Swimming/Diving",""
"053","sports_uil_girls","Swimming/Diving",""
"053","sports_club_boys","Track/Field",""
"053","sports_uil_boys","Track/Field",""
"053","sports_club_girls","Track/Field",""
"053","sports_uil_girls","Track/Field",""
"053","sports_club_girls","Volleyball",""
"053","sports_uil_girls","Volleyball",""
"053","sports_club_boys","Wrestling",""
"053","sports_uil_boys","Wrestling",""
"053","sports_club_girls","Wrestling",""
"053","sports_uil_girls","Wrestling",""
"053","sports_club_boys","Karate",""
"053","sports_club_girls","Karate",""
"053","sports_club_boys","Squash",""
"053","sports_club_girls","Squash",""
"222","sports_club_coed","Baseball",""
"125","sports","Sports Not Offered",""
"155","sports","Sports Not Offered",""
"046","sports_uil_girls","Cheer/Drill",""
"046","sports_uil_boys","Cross Country",""
"046","sports_uil_girls","Cross Country",""
"046","sports_uil_boys","Football",""
"046","sports_uil_boys","Cheer/Drill",""
"046","sports_uil_girls","Cheer/Drill",""
"046","sports_club_boys","Swimming/Diving",""
"046","sports_club_girls","Swimming/Diving",""
"046","sports_uil_boys","Track/Field",""
"046","sports_uil_girls","Track/Field",""
"046","sports_uil_girls","Volleyball",""
"181","sports","Sports Not Offered",""
"020","sports_uil_boys","Baseball",""
"020","sports_club_coed","Cheer/Drill",""
"020","sports_uil_boys","Cross Country",""
"020","sports_uil_girls","Cross Country",""
"020","sports_uil_boys","Football",""
"020","sports_uil_boys","Golf",""
"020","sports_uil_girls","Golf",""
"020","sports_uil_boys","Cheer/Drill",""
"020","sports_uil_girls","Cheer/Drill",""
"020","sports_uil_girls","Softball",""
"020","sports_uil_boys","Swimming/Diving",""
"020","sports_uil_girls","Swimming/Diving",""
"020","sports_uil_boys","Cheer/Drill",""
"020","sports_uil_girls","Cheer/Drill",""
"020","sports_uil_boys","Tennis",""
"020","sports_uil_girls","Tennis",""
"020","sports_uil_boys","Track/Field",""
"020","sports_uil_girls","Track/Field",""
"020","sports_uil_boys","Volleyball",""
"020","sports_uil_girls","Volleyball",""
"256","sports_club_boys","Cheer/Drill",""
"256","sports_club_coed","Cheer/Drill",""
"256","sports_club_coed","Running",""
"212","sports_club_boys","Cheer/Drill",""
"212","sports_club_girls","Cheer/Drill",""
"212","sports_club_coed","Cheer/Drill",""
"144","sports","Sports Not Offered",""
"137","sports_club_coed","Cheer/Drill",""
"291","sports","Sports Not Offered",""
"240","sports_club_girls","Cheer/Drill",""
"240","sports_club_coed","Cross Country",""
"240","sports_club_coed","Cheer/Drill",""
"240","sports_club_coed","Running",""
"064","sports_club_coed","Archery",""
"064","sports_club_boys","Baseball",""
"064","sports_uil_girls","Cheer/Drill",""
"064","sports_uil_coed","Cross Country",""
"064","sports_uil_boys","Football",""
"064","sports_uil_boys","Cheer/Drill",""
"064","sports_uil_girls","Cheer/Drill",""
"064","sports_club_girls","Softball",""
"064","sports_uil_boys","Cheer/Drill",""
"064","sports_uil_coed","Track/Field",""
"064","sports_uil_girls","Volleyball",""
"064","sports_club_coed","Archery",""
"064","sports_club_coed","Flag Football",""
"064","sports_club_coed","Gymnastics",""
"064","sports_club_coed","Karate",""
"064","sports_club_boys","Lacrosse",""
"064","sports_club_girls","Lacrosse",""
"221","sports_club_coed","Running",""
"014","sports_uil_boys","Baseball",""
"014","sports_uil_girls","Cheer/Drill",""
"014","sports_uil_boys","Cross Country",""
"014","sports_uil_girls","Cross Country",""
"014","sports_uil_boys","Football",""
"014","sports_uil_boys","Golf",""
"014","sports_uil_girls","Golf",""
"014","sports_uil_boys","Cheer/Drill",""
"014","sports_uil_girls","Cheer/Drill",""
"014","sports_uil_girls","Softball",""
"014","sports_uil_boys","Cheer/Drill",""
"014","sports_uil_girls","Cheer/Drill",""
"014","sports_uil_boys","Tennis",""
"014","sports_uil_girls","Tennis",""
"014","sports_uil_boys","Track/Field",""
"014","sports_uil_girls","Track/Field",""
"014","sports_uil_girls","Volleyball",""
"014","sports_club_girls","Flag Football",""
"014","sports_club_boys","Strength/Conditioning",""
"014","sports_club_girls","Strength/Conditioning",""
"071","sports","Sports Not Offered",""
"151","sports_club_coed","Archery",""
"151","sports_club_girls","Cheer/Drill",""
"151","sports_club_coed","Cross Country",""
"151","sports_club_coed","Football",""
"151","sports_club_coed","Golf",""
"151","sports_club_coed","Cheer/Drill",""
"151","sports_club_coed","Track/Field",""
"151","sports_club_coed","Volleyball",""
"151","sports_club_coed","Archery",""
"151","sports_club_coed","Bowling",""
"151","sports_club_coed","Flag Football",""
"151","sports_club_coed","Gymnastics",""
"151","sports_club_coed","Running",""
"201","sports_club_girls","Cheer/Drill",""
"054","sports_uil_boys","Baseball",""
"054","sports_uil_girls","Baseball",""
"054","sports_uil_boys","Football",""
"054","sports_club_boys","Cheer/Drill",""
"054","sports_uil_boys","Cheer/Drill",""
"054","sports_uil_girls","Cheer/Drill",""
"054","sports_uil_girls","Volleyball",""
"229","sports","Sports Not Offered",""
"009","sports_uil_boys","Baseball",""
"009","sports_uil_girls","Baseball",""
"009","sports_club_girls","Cheer/Drill",""
"009","sports_club_coed","Cheer/Drill",""
"009","sports_uil_boys","Cross Country",""
"009","sports_uil_girls","Cross Country",""
"009","sports_uil_boys","Football",""
"009","sports_club_boys","Cheer/Drill",""
"009","sports_uil_boys","Cheer/Drill",""
"009","sports_club_girls","Cheer/Drill",""
"009","sports_uil_girls","Cheer/Drill",""
"009","sports_uil_girls","Softball",""
"009","sports_uil_boys","Track/Field",""
"009","sports_uil_girls","Track/Field",""
"009","sports_club_boys","Volleyball",""
"009","sports_uil_girls","Volleyball",""
"009","sports_uil_boys","Wrestling",""
"009","sports_uil_girls","Wrestling",""
"009","sports_club_coed","Strength/Conditioning",""
"188","sports_club_coed","Cheer/Drill",""
"188","sports_club_coed","Cheer/Drill",""
"188","sports_club_coed","Track/Field",""
"188","sports_club_coed","Running",""
"102","sports_club_coed","Cheer/Drill",""
"102","sports_uil_coed","Cheer/Drill",""
"102","sports_club_coed","Football",""
"102","sports_club_coed","Cheer/Drill",""
"057","sports_club_boys","Baseball",""
"057","sports_uil_coed","Cheer/Drill",""
"057","sports_uil_boys","Cross Country",""
"057","sports_uil_girls","Cross Country",""
"057","sports_club_coed","Football",""
"057","sports_uil_boys","Cheer/Drill",""
"057","sports_uil_girls","Cheer/Drill",""
"057","sports_club_girls","Softball",""
"057","sports_uil_boys","Swimming/Diving",""
"057","sports_uil_girls","Swimming/Diving",""
"057","sports_club_coed","Cheer/Drill",""
"057","sports_club_coed","Tennis",""
"057","sports_uil_boys","Track/Field",""
"057","sports_uil_girls","Track/Field",""
"057","sports_uil_girls","Volleyball",""
"057","sports_club_coed","Wrestling",""
"057","sports_club_coed","Karate",""
"057","sports_club_coed","Strength/Conditioning",""
"057","sports_club_coed","Yoga",""
"287","sports","Sports Not Offered",""
"310","sports_uil_boys","Baseball",""
"310","sports_club_coed","Cheer/Drill",""
"310","sports_uil_coed","Cross Country",""
"310","sports_uil_boys","Football",""
"310","sports_uil_boys","Cheer/Drill",""
"310","sports_uil_girls","Cheer/Drill",""
"310","sports_uil_girls","Softball",""
"310","sports_uil_boys","Track/Field",""
"310","sports_uil_girls","Track/Field",""
"310","sports_uil_girls","Volleyball",""
"310","sports_uil_coed","Wrestling",""
"117","sports_club_girls","Cheer/Drill",""
"117","sports_club_boys","Football",""
"117","sports_club_girls","Football",""
"117","sports_club_boys","Track/Field",""
"117","sports_club_girls","Track/Field",""
"117","sports_club_boys","Running",""
"117","sports_club_girls","Running",""
"204","sports_club_coed","Running",""
"050","sports_club_girls","Cheer/Drill",""
"050","sports_club_boys","Football",""
"050","sports_club_boys","Cheer/Drill",""
"050","sports_club_girls","Cheer/Drill",""
"050","sports_club_boys","Track/Field",""
"050","sports_club_girls","Track/Field",""
"050","sports_club_girls","Volleyball",""
"050","sports_club_boys","Strength/Conditioning",""
"050","sports_club_girls","Strength/Conditioning",""
"049","sports_club_girls","Baseball",""
"049","sports_club_girls","Cheer/Drill",""
"049","sports_uil_girls","Cross Country",""
"049","sports_uil_boys","Football",""
"049","sports_uil_boys","Cheer/Drill",""
"049","sports_uil_girls","Cheer/Drill",""
"049","sports_club_girls","Softball",""
"049","sports_uil_coed","Swimming/Diving",""
"049","sports_uil_coed","Track/Field",""
"049","sports_uil_girls","Volleyball",""
"049","sports_club_coed","Karate",""
"049","sports_club_coed","Running",""
"463","sports_club_girls","Cheer/Drill",""
"463","sports_uil_girls","Track/Field",""
"463","sports_uil_girls","Volleyball",""
"080","sports_uil_coed","Cross Country",""
"080","sports_uil_boys","Cheer/Drill",""
"080","sports_uil_girls","Cheer/Drill",""
"080","sports_uil_coed","Track/Field",""
"080","sports_uil_girls","Volleyball",""
"001","sports_club_boys","Baseball",""
"001","sports_uil_boys","Baseball",""
"001","sports_club_boys","Cheer/Drill",""
"001","sports_uil_boys","Cheer/Drill",""
"001","sports_club_girls","Cheer/Drill",""
"001","sports_uil_girls","Cheer/Drill",""
"001","sports_club_boys","Cross Country",""
"001","sports_uil_boys","Cross Country",""
"001","sports_club_girls","Cross Country",""
"001","sports_uil_girls","Cross Country",""
"001","sports_club_boys","Football",""
"001","sports_uil_boys","Football",""
"001","sports_club_boys","Golf",""
"001","sports_uil_boys","Golf",""
"001","sports_club_girls","Golf",""
"001","sports_uil_girls","Golf",""
"001","sports_club_boys","Cheer/Drill",""
"001","sports_uil_boys","Cheer/Drill",""
"001","sports_club_girls","Cheer/Drill",""
"001","sports_uil_girls","Cheer/Drill",""
"001","sports_club_girls","Softball",""
"001","sports_uil_girls","Softball",""
"001","sports_club_boys","Track/Field",""
"001","sports_uil_boys","Track/Field",""
"001","sports_club_girls","Track/Field",""
"001","sports_uil_girls","Track/Field",""
"001","sports_club_boys","Volleyball",""
"001","sports_uil_boys","Volleyball",""
"001","sports_club_girls","Volleyball",""
"001","sports_uil_girls","Volleyball",""
"001","sports_club_boys","Wrestling",""
"001","sports_uil_boys","Wrestling",""
"001","sports_club_girls","Wrestling",""
"001","sports_uil_girls","Wrestling",""
"001","sports_club_boys","Running",""
"001","sports_club_girls","Running",""
"001","sports_club_boys","Strength/Conditioning",""
"001","sports_club_girls","Strength/Conditioning",""
"483","sports","Sports Not Offered",""
"478","sports","Sports Not Offered",""
"097","sports","Sports Not Offered",""
"100","sports","Sports Not Offered",""
"466","sports","Sports Not Offered",""
"402","sports","Sports Not Offered",""
"320","sports","Sports Not Offered",""
" NA","","",""
" NA","","",""
" NA","","",""
" NA","","",""
" NA","","",""
" NA","","",""
" NA","","",""
" NA","","",""
" NA","","",""
" NA","","",""
" NA","","",""
" NA","","",""
" NA","","",""
" NA","","",""
" NA","","",""
" NA","","",""
" NA","","",""
" NA","","",""
" NA","","",""
" NA","","",""
" NA","","",""
" NA","","",""
" NA","","",""
" NA","","",""
"292","sports_club_coed","Cheer/Drill",""
"292","sports_club_coed","Cheer/Drill",""
"292","sports_club_coed","Karate",""
"292","sports_club_coed","Running",""
"351","sports","Sports Not Offered",""
"468","sports_club_coed","Cheer/Drill",""
"468","sports_club_boys","Cheer/Drill",""
"468","sports_club_boys","Flag Football",""
"468","sports_club_coed","Strength/Conditioning",""
"016","sports_uil_boys","Baseball",""
"016","sports_uil_girls","Baseball",""
"016","sports_uil_girls","Cheer/Drill",""
"016","sports_uil_boys","Cross Country",""
"016","sports_uil_girls","Cross Country",""
"016","sports_uil_boys","Football",""
"016","sports_uil_boys","Golf",""
"016","sports_uil_girls","Golf",""
"016","sports_uil_coed","Golf",""
"016","sports_uil_boys","Cheer/Drill",""
"016","sports_uil_girls","Cheer/Drill",""
"016","sports_uil_girls","Softball",""
"016","sports_uil_boys","Swimming/Diving",""
"016","sports_uil_girls","Swimming/Diving",""
"016","sports_uil_coed","Swimming/Diving",""
"016","sports_uil_boys","Track/Field",""
"016","sports_uil_girls","Track/Field",""
"016","sports_uil_coed","Track/Field",""
"016","sports_uil_girls","Volleyball",""
"286","sports_club_girls","Cheer/Drill",""
"286","sports_uil_girls","Cheer/Drill",""
"286","sports_club_coed","Cross Country",""
"286","sports_club_boys","Cheer/Drill",""
"286","sports_club_girls","Cheer/Drill",""
"286","sports_club_coed","Running",""
"036","sports_uil_boys","Baseball",""
"036","sports_uil_girls","Cheer/Drill",""
"036","sports_uil_coed","Cheer/Drill",""
"036","sports_uil_boys","Cross Country",""
"036","sports_uil_girls","Cross Country",""
"036","sports_uil_boys","Football",""
"036","sports_uil_boys","Golf",""
"036","sports_uil_girls","Golf",""
"036","sports_uil_boys","Cheer/Drill",""
"036","sports_uil_girls","Cheer/Drill",""
"036","sports_uil_girls","Softball",""
"036","sports_uil_boys","Swimming/Diving",""
"036","sports_uil_girls","Swimming/Diving",""
"036","sports_uil_boys","Cheer/Drill",""
"036","sports_uil_girls","Cheer/Drill",""
"036","sports_uil_boys","Tennis",""
"036","sports_uil_girls","Tennis",""
"036","sports_uil_boys","Track/Field",""
"036","sports_uil_girls","Track/Field",""
"036","sports_uil_girls","Volleyball",""
"036","sports_uil_boys","Water Polo",""
"036","sports_uil_girls","Water Polo",""
"036","sports_uil_boys","Wrestling",""
"036","sports_uil_girls","Wrestling",""
"036","sports_club_boys","Lacrosse",""
"036","sports_club_boys","Strength/Conditioning",""
"036","sports_club_girls","Strength/Conditioning",""
"211","sports_club_coed","Cheer/Drill",""
"211","sports_club_girls","Running",""
"285","sports_club_coed","Cheer/Drill",""
"395","sports_club_girls","Cheer/Drill",""
"395","sports_club_boys","Cheer/Drill",""
"178","sports","Sports Not Offered",""
"003","sports_uil_boys","Baseball",""
"003","sports_uil_coed","Baseball",""
"003","sports_uil_boys","Cheer/Drill",""
"003","sports_uil_girls","Cheer/Drill",""
"003","sports_uil_coed","Cheer/Drill",""
"003","sports_uil_boys","Cross Country",""
"003","sports_uil_girls","Cross Country",""
"003","sports_uil_boys","Football",""
"003","sports_uil_girls","Football",""
"003","sports_uil_coed","Football",""
"003","sports_uil_boys","Golf",""
"003","sports_uil_girls","Golf",""
"003","sports_uil_boys","Cheer/Drill",""
"003","sports_uil_girls","Cheer/Drill",""
"003","sports_uil_girls","Softball",""
"003","sports_uil_coed","Softball",""
"003","sports_uil_boys","Swimming/Diving",""
"003","sports_uil_girls","Swimming/Diving",""
"003","sports_uil_boys","Cheer/Drill",""
"003","sports_uil_girls","Cheer/Drill",""
"003","sports_uil_boys","Tennis",""
"003","sports_uil_girls","Tennis",""
"003","sports_uil_boys","Track/Field",""
"003","sports_uil_girls","Track/Field",""
"003","sports_uil_girls","Volleyball",""
"003","sports_uil_boys","Water Polo",""
"003","sports_uil_girls","Water Polo",""
"003","sports_uil_boys","Wrestling",""
"003","sports_uil_girls","Wrestling",""
"138","sports_club_coed","Cheer/Drill",""
"138","sports_club_boys","Cheer/Drill",""
"138","sports_club_girls","Cheer/Drill",""
"138","sports_club_boys","Running",""
"138","sports_club_girls","Running",""
"012","sports_uil_boys","Baseball",""
"012","sports_uil_girls","Cheer/Drill",""
"012","sports_uil_boys","Cross Country",""
"012","sports_uil_girls","Cross Country",""
"012","sports_uil_boys","Football",""
"012","sports_uil_boys","Golf",""
"012","sports_uil_girls","Golf",""
"012","sports_uil_boys","Cheer/Drill",""
"012","sports_uil_girls","Cheer/Drill",""
"012","sports_uil_girls","Softball",""
"012","sports_uil_boys","Swimming/Diving",""
"012","sports_uil_girls","Swimming/Diving",""
"012","sports_uil_boys","Cheer/Drill",""
"012","sports_uil_girls","Cheer/Drill",""
"012","sports_uil_boys","Tennis",""
"012","sports_uil_girls","Tennis",""
"012","sports_uil_boys","Track/Field",""
"012","sports_uil_girls","Track/Field",""
"012","sports_uil_girls","Volleyball",""
"012","sports_uil_boys","Wrestling",""
"012","sports_uil_girls","Wrestling",""
"012","sports_club_boys","Running",""
"012","sports_club_girls","Running",""
"012","sports_club_boys","Squash",""
"012","sports_club_girls","Squash",""
"189","sports_club_girls","Cross Country",""
"189","sports_club_coed","Gymnastics",""
"189","sports_club_coed","Karate",""
"189","sports_club_coed","Running",""
"105","sports_club_coed","Cheer/Drill",""
"338","sports_club_coed","Cheer/Drill",""
"338","sports_uil_boys","Cross Country",""
"338","sports_uil_girls","Cross Country",""
"338","sports_uil_boys","Football",""
"338","sports_uil_boys","Cheer/Drill",""
"338","sports_uil_girls","Cheer/Drill",""
"338","sports_uil_boys","Track/Field",""
"338","sports_uil_girls","Track/Field",""
"338","sports_uil_girls","Volleyball",""
"281","sports","Sports Not Offered",""
"060","sports_uil_girls","Cheer/Drill",""
"060","sports_uil_boys","Cross Country",""
"060","sports_uil_girls","Cross Country",""
"060","sports_uil_boys","Football",""
"060","sports_uil_boys","Cheer/Drill",""
"060","sports_uil_girls","Cheer/Drill",""
"060","sports_uil_boys","Track/Field",""
"060","sports_uil_girls","Track/Field",""
"060","sports_uil_girls","Volleyball",""
"060","sports_club_coed","Karate",""
"060","sports_club_coed","Yoga",""
"216","sports","Sports Not Offered",""
"055","sports_club_boys","Baseball",""
"055","sports_club_girls","Baseball",""
"055","sports_club_coed","Cheer/Drill",""
"055","sports_uil_boys","Cross Country",""
"055","sports_uil_girls","Cross Country",""
"055","sports_uil_boys","Football",""
"055","sports_uil_boys","Cheer/Drill",""
"055","sports_uil_girls","Cheer/Drill",""
"055","sports_club_girls","Softball",""
"055","sports_uil_boys","Swimming/Diving",""
"055","sports_uil_girls","Swimming/Diving",""
"055","sports_uil_coed","Swimming/Diving",""
"055","sports_uil_boys","Track/Field",""
"055","sports_uil_girls","Track/Field",""
"055","sports_uil_coed","Track/Field",""
"055","sports_uil_girls","Volleyball",""
"055","sports_club_coed","Karate",""
"473","sports","Sports Not Offered",""
"180","sports","Sports Not Offered",""
"358","sports_club_coed","Cheer/Drill",""
"358","sports_club_coed","Track/Field",""
"358","sports_club_coed","Fun Fit",""
"358","sports_club_coed","Strength/Conditioning",""
"232","sports","Sports Not Offered",""
"169","sports_club_coed","Cheer/Drill",""
"169","sports_club_coed","Cheer/Drill",""
"169","sports_club_coed","Karate",""
"169","sports_club_boys","Running",""
"169","sports_club_girls","Running",""
"027","sports_uil_boys","Baseball",""
"027","sports_club_coed","Cheer/Drill",""
"027","sports_uil_coed","Cheer/Drill",""
"027","sports_uil_boys","Cross Country",""
"027","sports_uil_girls","Cross Country",""
"027","sports_club_coed","Cross Country",""
"027","sports_uil_boys","Football",""
"027","sports_uil_coed","Golf",""
"027","sports_uil_boys","Cheer/Drill",""
"027","sports_uil_girls","Cheer/Drill",""
"027","sports_uil_girls","Softball",""
"027","sports_club_coed","Swimming/Diving",""
"027","sports_uil_coed","Swimming/Diving",""
"027","sports_club_coed","Cheer/Drill",""
"027","sports_uil_coed","Cheer/Drill",""
"027","sports_uil_boys","Tennis",""
"027","sports_uil_girls","Tennis",""
"027","sports_uil_boys","Track/Field",""
"027","sports_uil_girls","Track/Field",""
"027","sports_club_coed","Track/Field",""
"027","sports_uil_girls","Volleyball",""
"027","sports_uil_coed","Water Polo",""
"027","sports_uil_boys","Wrestling",""
"027","sports_uil_girls","Wrestling",""
"027","sports_club_coed","Running",""
"027","sports_club_coed","Strength/Conditioning",""
"237","sports_club_coed","Cheer/Drill",""
"059","sports_uil_coed","Cheer/Drill",""
"059","sports_uil_boys","Football",""
"059","sports_uil_boys","Cheer/Drill",""
"059","sports_uil_girls","Cheer/Drill",""
"059","sports_uil_boys","Track/Field",""
"059","sports_uil_girls","Track/Field",""
"059","sports_uil_girls","Volleyball",""
"244","sports_club_boys","Cheer/Drill",""
"244","sports_club_girls","Cheer/Drill",""
"244","sports_club_girls","Running",""
"197","sports","Sports Not Offered",""
"337","sports_club_boys","Baseball",""
"337","sports_uil_coed","Cheer/Drill",""
"337","sports_uil_coed","Cross Country",""
"337","sports_uil_boys","Football",""
"337","sports_uil_boys","Cheer/Drill",""
"337","sports_uil_girls","Cheer/Drill",""
"337","sports_club_girls","Softball",""
"337","sports_uil_coed","Swimming/Diving",""
"337","sports_club_coed","Cheer/Drill",""
"337","sports_club_coed","Tennis",""
"337","sports_uil_coed","Track/Field",""
"337","sports_uil_girls","Volleyball",""
"337","sports_club_boys","Lacrosse",""
"337","sports_club_girls","Lacrosse",""
"337","sports_club_coed","Yoga",""
"228","sports","Sports Not Offered",""
"026","sports_club_girls","Cheer/Drill",""
"026","sports_club_boys","Cheer/Drill",""
"026","sports_club_boys","Volleyball",""
"026","sports_club_girls","Volleyball",""
"026","sports_club_coed","Gymnastics",""
"026","sports_club_boys","Strength/Conditioning",""
"323","sports_club_girls","Cheer/Drill",""
"323","sports_club_boys","Cheer/Drill",""
"323","sports_club_girls","Cheer/Drill",""
"323","sports_club_boys","Volleyball",""
"323","sports_club_girls","Volleyball",""
"323","sports_club_coed","Volleyball",""
"323","sports_club_boys","Strength/Conditioning",""
"218","sports_club_boys","Baseball",""
"218","sports_uil_girls","Cheer/Drill",""
"218","sports_uil_boys","Cross Country",""
"218","sports_uil_girls","Cross Country",""
"218","sports_uil_boys","Cheer/Drill",""
"218","sports_uil_girls","Cheer/Drill",""
"218","sports_uil_girls","Volleyball",""
"002","sports_club_boys","Baseball",""
"002","sports_uil_boys","Baseball",""
"002","sports_club_girls","Baseball",""
"002","sports_uil_girls","Baseball",""
"002","sports_club_boys","Cheer/Drill",""
"002","sports_uil_boys","Cheer/Drill",""
"002","sports_club_girls","Cheer/Drill",""
"002","sports_uil_girls","Cheer/Drill",""
"002","sports_club_boys","Cross Country",""
"002","sports_uil_boys","Cross Country",""
"002","sports_club_girls","Cross Country",""
"002","sports_uil_girls","Cross Country",""
"002","sports_club_boys","Football",""
"002","sports_uil_boys","Football",""
"002","sports_club_coed","Golf",""
"002","sports_uil_coed","Golf",""
"002","sports_club_boys","Cheer/Drill",""
"002","sports_uil_boys","Cheer/Drill",""
"002","sports_club_girls","Cheer/Drill",""
"002","sports_uil_girls","Cheer/Drill",""
"002","sports_club_girls","Softball",""
"002","sports_uil_girls","Softball",""
"002","sports_club_coed","Swimming/Diving",""
"002","sports_uil_coed","Swimming/Diving",""
"002","sports_club_coed","Cheer/Drill",""
"002","sports_uil_coed","Cheer/Drill",""
"002","sports_club_coed","Tennis",""
"002","sports_uil_coed","Tennis",""
"002","sports_club_coed","Track/Field",""
"002","sports_uil_coed","Track/Field",""
"002","sports_club_girls","Volleyball",""
"002","sports_uil_girls","Volleyball",""
"002","sports_club_boys","Water Polo",""
"002","sports_uil_boys","Water Polo",""
"002","sports_club_girls","Water Polo",""
"002","sports_uil_girls","Water Polo",""
"002","sports_club_boys","Wrestling",""
"002","sports_uil_boys","Wrestling",""
"002","sports_club_girls","Wrestling",""
"002","sports_uil_girls","Wrestling",""
"002","sports_club_coed","Disc Golf",""
"002","sports_club_coed","Fun Fit",""
"002","sports_club_coed","Lacrosse",""
"002","sports_club_boys","Running",""
"002","sports_club_girls","Running",""
"002","sports_club_boys","Strength/Conditioning",""
"002","sports_club_girls","Strength/Conditioning",""
"002","sports_club_coed","Yoga",""
"290","sports_club_girls","Cheer/Drill",""
"290","sports_club_boys","Cheer/Drill",""
"290","sports_club_girls","Cheer/Drill",""
"290","sports_club_coed","Swimming/Diving",""
"484","sports","Sports Not Offered",""
"107","sports","Sports Not Offered",""
"467","sports_club_girls","Cheer/Drill",""
"062","sports_club_boys","Baseball",""
"062","sports_club_girls","Cheer/Drill",""
"062","sports_uil_boys","Cross Country",""
"062","sports_uil_girls","Cross Country",""
"062","sports_uil_boys","Football",""
"062","sports_uil_girls","Football",""
"062","sports_uil_boys","Cheer/Drill",""
"062","sports_uil_girls","Cheer/Drill",""
"062","sports_uil_boys","Swimming/Diving",""
"062","sports_uil_girls","Swimming/Diving",""
"062","sports_club_boys","Track/Field",""
"062","sports_uil_boys","Track/Field",""
"062","sports_club_girls","Track/Field",""
"062","sports_uil_girls","Track/Field",""
"062","sports_uil_girls","Volleyball",""
"062","sports_club_coed","Fun Fit",""
"062","sports_club_coed","Strength/Conditioning",""
"062","sports_club_coed","Yoga",""
"301","sports_club_boys","Cheer/Drill",""
"301","sports_club_girls","Cheer/Drill",""
"301","sports_club_boys","Volleyball",""
"301","sports_club_girls","Volleyball",""
"301","sports_club_coed","Flag Football",""
"301","sports_club_coed","Running",""
"322","sports_uil_boys","Baseball",""
"322","sports_club_coed","Cheer/Drill",""
"322","sports_uil_coed","Cross Country",""
"322","sports_club_coed","Golf",""
"322","sports_uil_coed","Cheer/Drill",""
"322","sports_uil_coed","Tennis",""
"322","sports_uil_coed","Track/Field",""
"322","sports_uil_girls","Volleyball",""
"198","sports_club_coed","Golf",""
"198","sports_club_coed","Cheer/Drill",""
"147","sports_club_boys","Cheer/Drill",""
"147","sports_club_girls","Cheer/Drill",""
"147","sports_club_coed","Cheer/Drill",""
"004","sports_uil_boys","Baseball",""
"004","sports_club_girls","Cheer/Drill",""
"004","sports_uil_girls","Cheer/Drill",""
"004","sports_uil_boys","Cross Country",""
"004","sports_uil_girls","Cross Country",""
"004","sports_uil_boys","Football",""
"004","sports_uil_boys","Cheer/Drill",""
"004","sports_uil_girls","Cheer/Drill",""
"004","sports_uil_girls","Softball",""
"004","sports_uil_boys","Track/Field",""
"004","sports_uil_girls","Track/Field",""
"004","sports_uil_girls","Volleyball",""
"004","sports_club_coed","Strength/Conditioning",""
"051","sports_club_boys","Cheer/Drill",""
"051","sports_club_girls","Cheer/Drill",""
"051","sports_uil_boys","Cross Country",""
"051","sports_uil_girls","Cross Country",""
"051","sports_uil_boys","Football",""
"051","sports_uil_boys","Cheer/Drill",""
"051","sports_uil_girls","Cheer/Drill",""
"051","sports_uil_boys","Track/Field",""
"051","sports_uil_girls","Track/Field",""
"051","sports_uil_girls","Volleyball",""
"051","sports_club_coed","Fun Fit",""
"051","sports_club_coed","Karate",""
"051","sports_club_coed","Strength/Conditioning",""
"106","sports_club_girls","Cheer/Drill",""
"034","sports_club_coed","Archery",""
"034","sports_club_coed","Cheer/Drill",""
"034","sports_club_boys","Cheer/Drill",""
"034","sports_club_girls","Cheer/Drill",""
"034","sports_club_coed","Cheer/Drill",""
"034","sports_club_boys","Volleyball",""
"034","sports_club_girls","Volleyball",""
"034","sports_club_coed","Volleyball",""
"034","sports_club_coed","Archery",""
"034","sports_club_coed","Flag Football",""
"081","sports_uil_boys","Cross Country",""
"081","sports_uil_girls","Cross Country",""
"081","sports_uil_boys","Cheer/Drill",""
"081","sports_uil_girls","Cheer/Drill",""
"081","sports_club_boys","Track/Field",""
"081","sports_uil_boys","Track/Field",""
"081","sports_club_girls","Track/Field",""
"081","sports_uil_girls","Track/Field",""
"081","sports_uil_girls","Volleyball",""
"081","sports_club_coed","Volleyball",""
"017","sports_uil_boys","Baseball",""
"017","sports_uil_coed","Cheer/Drill",""
"017","sports_uil_boys","Cross Country",""
"017","sports_uil_girls","Cross Country",""
"017","sports_uil_boys","Football",""
"017","sports_club_coed","Golf",""
"017","sports_uil_boys","Cheer/Drill",""
"017","sports_uil_girls","Cheer/Drill",""
"017","sports_uil_girls","Softball",""
"017","sports_club_coed","Tennis",""
"017","sports_uil_boys","Track/Field",""
"017","sports_uil_girls","Track/Field",""
"017","sports_uil_girls","Volleyball",""
"017","sports_club_boys","Wrestling",""
"068","sports_club_boys","Baseball",""
"068","sports_uil_girls","Cheer/Drill",""
"068","sports_uil_coed","Cheer/Drill",""
"068","sports_uil_boys","Cross Country",""
"068","sports_uil_girls","Cross Country",""
"068","sports_uil_boys","Football",""
"068","sports_uil_coed","Football",""
"068","sports_uil_boys","Cheer/Drill",""
"068","sports_uil_girls","Cheer/Drill",""
"068","sports_uil_boys","Track/Field",""
"068","sports_uil_girls","Track/Field",""
"068","sports_uil_girls","Volleyball",""
"128","sports_club_coed","Baseball",""
"128","sports_club_coed","Cheer/Drill",""
"128","sports_club_coed","Football",""
"128","sports_club_coed","Cheer/Drill",""
"460","sports_club_girls","Cheer/Drill",""
"460","sports_uil_boys","Cross Country",""
"460","sports_uil_girls","Cross Country",""
"460","sports_uil_boys","Cheer/Drill",""
"460","sports_uil_girls","Cheer/Drill",""
"460","sports_club_girls","Volleyball",""
"460","sports_club_coed","Running",""
"148","sports","Sports Not Offered",""
"269","sports","Sports Not Offered",""
"389","sports_club_coed","Cheer/Drill",""
"209","sports","Sports Not Offered",""
"297","sports_club_boys","Cheer/Drill",""
"297","sports_club_girls","Cheer/Drill",""
"297","sports_club_coed","Cheer/Drill",""
"279","sports_club_coed","Cheer/Drill",""
"279","sports_uil_boys","Cheer/Drill",""
"279","sports_uil_girls","Cheer/Drill",""
"279","sports_club_girls","Running",""
"279","sports_club_girls","Yoga",""
"477","sports_uil_boys","Baseball",""
"477","sports_uil_girls","Baseball",""
"477","sports_uil_girls","Cheer/Drill",""
"477","sports_uil_coed","Cheer/Drill",""
"477","sports_uil_boys","Cross Country",""
"477","sports_uil_girls","Cross Country",""
"477","sports_uil_coed","Cross Country",""
"477","sports_uil_boys","Football",""
"477","sports_club_coed","Golf",""
"477","sports_uil_boys","Cheer/Drill",""
"477","sports_uil_girls","Cheer/Drill",""
"477","sports_uil_boys","Softball",""
"477","sports_uil_girls","Softball",""
"477","sports_uil_boys","Track/Field",""
"477","sports_uil_girls","Track/Field",""
"477","sports_uil_coed","Track/Field",""
"477","sports_uil_girls","Volleyball",""
"477","sports_uil_boys","Wrestling",""
"477","sports_uil_girls","Wrestling",""
"477","sports_uil_coed","Wrestling",""
"477","sports_club_coed","Strength/Conditioning",""
"234","sports_club_boys","Baseball",""
"234","sports_club_girls","Cheer/Drill",""
"234","sports_club_coed","Football",""
"234","sports_club_boys","Cheer/Drill",""
"234","sports_club_girls","Cheer/Drill",""
"234","sports_club_girls","Softball",""
"234","sports_club_coed","Tennis",""
"234","sports_club_girls","Volleyball",""
"234","sports_club_coed","Flag Football",""
"234","sports_club_coed","Running",""
"234","sports_club_coed","Yoga",""
"140","sports_club_coed","Baseball",""
"140","sports_club_coed","Cheer/Drill",""
"140","sports_club_coed","Football",""
"140","sports_club_coed","Cheer/Drill",""
